T_amb;0.0;0.02;0.04;0.06;0.08;0.1;0.12;0.14;0.16;0.18;0.2;0.22;0.24;0.26;0.28;0.3;0.32;0.34;0.36;0.38;0.4;0.42;0.44;0.46;0.48;0.5;0.52;0.54;0.56;0.58;0.6;0.62;0.64;0.66;0.68;0.7000000000000001;0.72;0.74;0.76;0.78;0.8;0.8200000000000001;0.84;0.86;0.88;0.9;0.92;0.94;0.96;0.98;1.0;1.02;1.04;1.06;1.08;1.1;1.12;1.14;1.16;1.18;1.2;1.22;1.24;1.26;1.28;1.3
278.15;6.27602190314303;6.291399275212341;6.306256440668242;6.320619357817376;6.334512286131232;6.345880381317188;6.3107986827679765;6.270522264456882;6.219630794885661;6.1443452950357065;6.0555707331174125;5.957664907970045;5.850377683208048;5.734857323045662;5.612117017086371;5.482996116458953;5.3481283822392;5.207916834585839;5.060514327268857;4.909766155884769;4.751236844125504;4.603598408147752;4.456598534968553;4.277406411585071;4.0864095518469465;3.882288686615104;3.666837297573685;3.4915773997484947;3.2527314947469548;3.006994398301901;2.8296704309774503;;;;;;;;;;;;;;;;;;;;;;;;;;;;;;;;;;;
278.65;6.083182402517637;6.101454380670722;6.119127405386322;6.136230452198884;6.152790657306432;6.168833461239493;6.141281205578081;6.106337733314948;6.06352891908305;5.996341596577053;5.917595230350104;5.8284461225754125;5.730032895944173;5.623427341419182;5.509590813619182;5.387550752983467;5.261472770791366;5.130041080538628;4.993457319430756;4.85168383186765;4.702435975554227;4.551183740666688;4.425333786309878;4.256600743006068;4.076772096123539;3.8868999579896273;3.683734246191836;3.4824108308681385;3.293273517008303;3.0577396602685223;2.837164697800096;;;;;;;;;;;;;;;;;;;;;;;;;;;;;;;;;;;
279.15;5.899232188713763;5.920053889761276;5.940213840043958;5.959743093514709;5.978670791028172;5.997024305428209;5.978183599493358;5.9492626934272295;5.913970153231464;5.854382198402752;5.782171432062239;5.701126183465562;5.610969349601036;5.512696544242387;5.40721448772781;5.295305024981794;5.177594401838101;5.054527674811479;4.924532117323898;4.791222970035082;4.652619416682944;4.506328842985066;4.385973255403484;4.233225060791419;4.066135192062939;3.887490097435503;3.696134330054882;3.4914853166638182;3.326783433049299;3.1030264397582585;2.874050292798911;;;;;;;;;;;;;;;;;;;;;;;;;;;;;;;;;;;
279.65;5.723554219567229;5.746779063325171;5.769289087508304;5.791116793274137;5.812292740862016;5.832845692347605;5.822036629406128;5.796710661792705;5.7681680072385975;5.715520783639869;5.652025486471525;5.57862580832364;5.496276286099365;5.405900280238962;5.308351462160891;5.202762302374993;5.092943758309112;4.977776304245612;4.85753442492566;4.732295745320398;4.600114251392078;4.464223550649169;4.3377053717697045;4.207516411740394;4.050278345816336;3.8821825332123328;3.70426768441327;3.511283690381738;3.346161176000713;3.14462869971508;2.924401605560545;;;;;;;;;;;;;;;;;;;;;;;;;;;;;;;;;;;
280.15;5.555586219123936;5.580768597047507;5.605198656015521;5.628909612941095;5.651932757611422;5.674297590445863;5.670644437066798;5.649532719777008;5.626082201482673;5.582117864084855;5.524247428374997;5.457920308775225;5.382832077732177;5.299835207904902;5.2097290775844085;5.113227507778095;5.010930084316346;4.903297354732608;4.790629833279975;4.671361746792187;4.548762328353686;4.419136834296904;4.291008748521384;4.179694952381241;4.031751898406101;3.873628738013423;3.706256294145253;3.526659953118885;3.3344519960803742;3.1820326755838018;2.970001147216904;;;;;;;;;;;;;;;;;;;;;;;;;;;;;;;;;;;
280.65;5.466406029095247;5.491703348662186;5.516249487201197;5.540077413682392;5.563218195571816;5.5857011339708;5.584965539317984;5.566787965039606;5.5464858228672425;5.503143204591828;5.44957574885184;5.386580344628294;5.313634843254852;5.234181984825231;5.1477030434790025;5.05488307543407;4.956301998422456;4.85241042597406;4.74350902581608;4.629731383111252;4.509353750379335;4.385448097234561;4.2577223167340845;4.153369391874649;4.00995543393854;3.856684665133885;3.6944490730702015;3.520312874852313;3.3337608721696768;3.1854941390561846;2.9807725428002474;;;;;;;;;;;;;;;;;;;;;;;;;;;;;;;;;;;
281.15;5.308065117213096;5.335030752449764;5.36121889000362;5.386662678271189;5.411393407690016;5.4354406391124845;5.440940677346281;5.426499106636264;5.410687929576337;5.374105570218536;5.326690582386759;5.270131061150125;5.205171786720637;5.132556684647318;5.052997177484337;4.967142931173767;4.875555428849471;4.777194358722891;4.675323052046601;4.568654249231124;4.457191762736114;4.339124925440038;4.2173387699710405;4.115946395450884;3.98815671369793;3.844112870093833;3.6916834449400384;3.5300154318640304;3.354350001667511;3.208083868340496;3.021775150017309;2.819805007805646;;;;;;;;;;;;;;;;;;;;;;;;;;;;;;;;;;
281.65;5.156296261849919;5.18471637845852;5.212340433257481;5.239201411420701;5.2653305006086;5.290757211765864;5.301902508697153;5.290917956222924;5.278324628984432;5.249884229675143;5.207191425122214;5.156646906953534;5.097919228959036;5.031689592771308;4.95861839780654;4.879317940564761;4.794327410779745;4.704090430231943;4.608935220912501;4.509057420923078;4.402980294177674;4.293605120871917;4.177557663596005;4.072519040730528;3.96418108716065;3.828837589575863;3.6875358976137793;3.5338265641051803;3.37060334977544;3.195624021906188;3.0586372022076787;2.8646512006588103;;;;;;;;;;;;;;;;;;;;;;;;;;;;;;;;;;
282.15;4.990753212316156;5.020819328323587;5.050072672604866;5.07854576289754;5.10626940512247;5.133272804563625;5.151063341867601;5.142568750361162;5.135313394015681;5.113279541852944;5.0778509948519694;5.033877010734301;4.981955266739269;4.922701001076868;4.856720543436876;4.7845861489654204;4.705497656426541;4.622486565998375;4.534611663207135;4.442094684170049;4.345027811737034;4.243361609683991;4.135370461552992;4.025276272513274;3.9373477579132;3.813108405840187;3.680046454819907;3.5389569592798207;3.389070022046823;3.225972011224077;3.096285149160923;2.91680978117646;;;;;;;;;;;;;;;;;;;;;;;;;;;;;;;;;;
282.65;4.8520893663476246;4.883203730203404;4.913500041862821;4.943010144794979;4.971764250921912;4.999791043790452;5.022066540679731;5.017271064248956;5.011940275650126;4.995802644313105;4.96526367315801;4.926473651253078;4.879968187893467;4.826306444658093;4.766046965300752;4.699724423235724;4.627827735468274;4.550779846535312;4.46891935244127;4.38248404149842;4.290213195897242;4.194833486952143;4.094850397489877;3.9884790972656328;3.899935353688397;3.7925974642724416;3.667672966649317;3.5370075891865187;3.3946076987541507;3.2431919037767707;3.086480624422434;2.953453380710483;2.77277611136832;;;;;;;;;;;;;;;;;;;;;;;;;;;;;;;;;
283.15;4.718762811444276;4.750775084479275;4.781968413645963;4.812373827613217;4.842020807087918;4.8709373801569775;4.897259681141756;4.895857397614871;4.893114619269746;4.882450053610264;4.856531507681152;4.822649665774904;4.780257038483357;4.731861744237948;4.67700640568395;4.616188644574609;4.5498706860794;4.47846031925184;4.402293382079138;4.3216178726966;4.2365797505421625;4.145857118142292;4.052028148888771;3.953545551318327;3.860368821561899;3.7700754908415015;3.652819958890519;3.5302652713538296;3.3984079109027445;3.256365064372836;3.1053859767896257;2.98582094607272;2.8156848891270703;;;;;;;;;;;;;;;;;;;;;;;;;;;;;;;;;
283.65;4.573937373669608;4.606976489310573;4.6391981397895625;4.670632293370303;4.701307471152571;4.731250833384418;4.760488259669773;4.764080574711866;4.763582632769185;4.758420409794597;4.737392606966412;4.708722432157091;4.672827852871332;4.630159900351588;4.581182946816217;4.526355280272341;4.466110372426533;4.400839144126677;4.329675757097149;4.255243583316925;4.176543957702574;4.093644945098025;4.006503610221456;3.913601849421202;3.817323446726141;3.741979550122927;3.637363102360519;3.522015200766698;3.401188554483254;3.2693078415433674;3.128919615973123;2.985290459934536;2.8618732142567334;;;;;;;;;;;;;;;;;;;;;;;;;;;;;;;;;
284.15;4.513785088304831;4.546475735569104;4.578358731301202;4.609463640906059;4.639818604131452;4.66945041997672;4.698384625604538;4.704083064244507;4.705825739452841;4.700264090710316;4.680695849324412;4.653667456048457;4.6195718958925545;4.578835468002287;4.531899075314303;4.479199733487418;4.42115266939367;4.358134299569425;4.289303584280295;4.217208860837175;4.140886066585459;4.060408568912768;3.975744303805676;3.885429244555578;3.791794683880141;3.717072452630446;3.6167067288115216;3.506016020680294;3.3869797936318338;3.2603553541645973;3.1238613225688496;2.97707605937417;2.86199944419768;2.6993524597969856;;;;;;;;;;;;;;;;;;;;;;;;;;;;;;;;
284.65;4.377052740500748;4.410575420598351;4.443296597656199;4.475244677134415;4.506446737902916;4.536928608790587;4.566714939894331;4.578401009029681;4.582099423512762;4.581457794986352;4.566276685002228;4.543950733349418;4.51481994120486;4.4792606470002045;4.43766884885716;4.390443539151068;4.337970384717158;4.28060602557238;4.218663198731322;4.152396828484537;4.081991174645905;4.006357871744652;3.9278564380775753;3.8452314748816887;3.7569929126186894;3.677332652140892;3.5962160202814144;3.4934747088033955;3.3830402583243795;3.267161146621107;3.140565431999314;3.0057738064844592;2.888658983534809;2.7477623387158934;;;;;;;;;;;;;;;;;;;;;;;;;;;;;;;;
285.15;4.246480378343307;4.280673047582669;4.314073944487399;4.3467102559444255;4.378607938246506;4.409791785940543;4.440285496104809;4.45733482803264;4.4628334647049615;4.465948782330962;4.456190776649976;4.4382500031316905;4.413762523251625;4.382178375414673;4.345570805060532;4.3034671419538295;4.256223514022476;4.204175468757606;4.147624173312571;4.086823364152729;4.021967146432946;3.953178718485576;3.8805001133697705;3.802692236774028;3.721958150354814;3.6381473010352026;3.5719328239795547;3.4778815154376965;3.376834356866893;3.2680255202555366;3.152167202061325;3.0271293554673417;2.8924519050097515;2.790411023344971;2.638624611835897;;;;;;;;;;;;;;;;;;;;;;;;;;;;;;;
285.65;4.134597522162665;4.169154511685848;4.202931555688421;4.235954764380344;4.268249095379182;4.299838416615021;4.330745565160087;4.352005537761904;4.359339244321726;4.364884463045838;4.358905600228824;4.344464329874264;4.323717246709447;4.296956059579414;4.264498706503408;4.226675812846366;4.183817171726875;4.135262133077126;4.08322378639235;4.027005215572682;3.966804527271355;3.902758220870783;3.834931238023212;3.763307981958986;3.686616430584378;3.6069610496366393;3.537811859253142;3.4597743421721647;3.365242781659626;3.2634958108945216;3.1552050797207563;3.039783087864247;2.9152433438697103;2.803875951555626;2.678238263001952;;;;;;;;;;;;;;;;;;;;;;;;;;;;;;;
286.15;4.014305100706943;4.04921732344745;4.083364272593409;4.116770837477806;4.1494608396933845;4.181457089742006;4.212781440115216;4.238801305941871;4.247657819632578;4.255743992299794;4.254257394959198;4.243530817648074;4.2267584672384375;4.204192359768152;4.176113000047346;4.14281730272779;4.104606422148751;4.061773692726451;4.014592850492149;3.963306674330671;3.9081161528818273;3.849170256144308;3.78549911555144;3.719207995390968;3.649202914231672;3.5741952942959934;3.502083397381459;3.4393667135220376;3.3517131189174365;3.25872883722123;3.1584923751514884;3.05168071662322;2.936305314388377;2.813420423372785;2.717824465995535;2.578636753890664;;;;;;;;;;;;;;;;;;;;;;;;;;;;;;
286.65;3.893384238332826;3.928672591200773;3.9632122556493687;3.997026808177107;4.030138845654255;4.062570035680479;4.094341163867721;4.124446022878473;4.134862062247497;4.145413123541207;4.148174652285091;4.141068449784506;4.128183744395527;4.109734356831173;4.085964297412094;4.057137084312969;4.023524882352333;3.985397640929517;3.943012383049637;3.896602773190096;3.8463690669000727;3.792468521796115;3.735006335312301;3.6740271808936;3.6084511661364274;3.540264085696847;3.468255711911026;3.407141713780587;3.3354701268279383;3.249686484740953;3.1585480849663607;3.0601770054821587;2.95526365298154;2.841925666568782;2.7257813792431564;2.6260001514960165;2.4901453081224023;;;;;;;;;;;;;;;;;;;;;;;;;;;;;
287.15;3.8259749804995824;3.861039997744689;3.8953678846907778;3.928981643291404;3.961903328325832;3.9941540956556754;4.025754247561002;4.056723275360061;4.069558748317774;4.080640143020491;4.084698606721174;4.079246053144876;4.068188165194821;4.051718393343422;4.030060507010953;4.003458669127635;3.97216730455976;3.936440927049969;3.896524063418203;3.8526413928610816;3.80498819879345;3.75372121113366;3.69894990341863;3.6407283112794735;3.5780264023004915;3.5127806942223034;3.4438404018137363;3.3820896272173164;3.316856874835918;3.2347110436721573;3.14746967014616;3.054615726095098;2.952953748521895;2.845864685188708;2.7289172856865087;2.6405432671067883;2.5095867907246823;2.3725814392858906;;;;;;;;;;;;;;;;;;;;;;;;;;;;
287.65;3.7174622850205616;3.752709170234033;3.78723652144032;3.821066148995995;3.854218990593988;3.8867151544769767;3.9185739601081138;3.949813976471917;3.966784259353495;3.9798825564912255;3.988013927166085;3.985623688616716;3.977235110641173;3.964252380615936;3.9462697363615376;3.92350234673742;3.896178600108014;3.8645309559595615;3.82878681322158;3.789159499922636;3.7458394732673455;3.6989858042628367;3.648718008542952;3.5951082812854875;3.538174209118236;3.477872079608733;3.413066515125297;3.347702730238014;3.2949186185557733;3.2210839527455883;3.140407740686262;3.05461346379806;2.9619397830671685;2.8630578845223336;2.756209221030736;2.652339740207148;2.5541054967561525;2.4259730192781115;;;;;;;;;;;;;;;;;;;;;;;;;;;;
288.15;3.613217523706874;3.648508146354666;3.683097712487025;3.717006906631187;3.750255607515781;3.782862926931304;3.814847246363199;3.846226251545031;3.8681562126105553;3.8822352037315766;3.892991629058454;3.893895903582985;3.8891670750498193;3.8794598964713214;3.8649387455928177;3.845791660276185;3.821481222813045;3.7936728578487457;3.761865490317693;3.726259965154224;3.687039958510452;3.6443641065665786;3.5983583887914308;3.5491088179479204;3.4966544945762834;3.4409811105913466;3.382015049246883;3.3186163360270124;3.2639239309416856;3.2050089411150395;3.1304200264292072;3.051167825617392;2.966792212600805;2.8755775324008748;2.7769338440160616;2.671726845427607;2.5888680089214104;2.473092195555456;2.346558717319118;;;;;;;;;;;;;;;;;;;;;;;;;;;
288.65;3.5129616715752814;3.548277913347785;3.582912010708412;3.616883538364847;3.650211329170549;3.682913508938956;3.7150075293153737;3.746510198831824;3.7725476419698274;3.787531674886063;3.800172786122864;3.804578129412598;3.802638944275184;3.79593632048168;3.784608304030338;3.768817471626779;3.748743785182246;3.724577255155086;3.696510516633527;3.6647314002624296;3.629415567275883;3.590719269169568;3.548772285119264;3.5028068321793304;3.4545872950058376;3.403279840669742;3.3488425659377707;3.2911764842021265;3.23208322355762;3.1836983688488742;3.1178130559421606;3.0446231147825897;2.9667712907940604;2.8838092887904114;2.792860388637768;2.6970241509690203;2.5922880244585627;2.514845662707146;2.397389753906351;2.27411832491039;;;;;;;;;;;;;;;;;;;;;;;;;;
289.15;3.400096561078168;3.435483092258264;3.470210246005063;3.504296282030853;3.5377587920085976;3.570614729845667;3.602880440326056;3.6345716862227375;3.6650228659425066;3.680826644756801;3.695554456179519;3.7040739434564336;3.7052377605300575;3.7018804443992575;3.694111709449685;3.682066492275907;3.6658987636929496;3.6457751121545376;3.621868200535561;3.5943501713910635;3.5633860603593748;3.529127269021329;3.491705143187744;3.451224698526316;3.407758533890728;3.3613409778929624;3.3110822376218314;3.258662203511654;3.203108951228507;3.1518869446493425;3.1025615182354493;3.0370230518872074;2.9663351427213724;2.889996750102534;2.809726190545149;2.721688994075793;2.62770356759763;2.530105756410978;2.452791692726348;2.3393417145123867;2.2205015197228115;;;;;;;;;;;;;;;;;;;;;;;;;
289.65;3.3539862388178667;3.388923878575964;3.423211126830488;3.456865977416953;3.489905766475724;3.522347202229303;3.55420639315632;3.585498874662059;3.616239634338283;3.634203187455164;3.649439419327466;3.658180132266121;3.660235972929812;3.657890717274758;3.651243402828361;3.640417972910796;3.6255574589351407;3.6068179294986575;3.5843623077376274;3.5583541291433805;3.528951294881734;3.496299866823352;3.4605279458597487;3.421739672214496;3.3800093856379383;3.3345411263277924;3.286982454282643;3.236469761502835;3.1829045006174703;3.1316897182335413;3.0869905057855336;3.022803874135062;2.9546190855506507;2.8820622860228253;2.803626302677573;2.7199113786221827;2.6293579104882414;2.532819756011812;2.460745154760889;2.3508992870587626;2.23649782589652;;;;;;;;;;;;;;;;;;;;;;;;;
290.15;3.247801598075029;3.282706444845823;3.316983716381334;3.350650187210845;3.3837220393186613;3.416214888078964;3.448143806840331;3.4795233502412444;3.51036757633234;3.532590706773925;3.5496160167024904;3.561924919207045;3.566709556673271;3.567328242427232;3.5638555032703847;3.5563908910434687;3.545053989389405;3.529979150822459;3.511310071923407;3.4891942803196603;3.4637775847631564;3.435198527559976;3.4035828732205515;3.3690381650734667;3.3316483810636828;3.291468721794054;3.248520571306525;3.201956072617839;3.153355235605691;3.1017992009749875;3.057034509753478;3.0095789148381216;2.947689752588825;2.881903954884684;2.8118616880997065;2.73610720553668;2.6552380756571763;2.567760633859018;2.4745311806395804;2.405088832255115;2.2991265982195803;2.188889330375158;;;;;;;;;;;;;;;;;;;;;;;;
290.65;3.146790541160138;3.1815395149014245;3.21568349177935;3.249238135381576;3.2822185732076647;3.314639419409112;3.346514796381588;3.3778583552764343;3.408683295493992;3.4349911639811466;3.453203674266048;3.468631279371431;3.476297475463854;3.479603359930413;3.4790250505587954;3.474639905888333;3.466545822641888;3.454856682178868;3.4396976048125034;3.4212000922294945;3.3994971107363305;3.374718151232049;3.34698429362588;3.3164033005789504;3.2830647652062948;3.247035338679712;3.2083540675858697;3.167027880625592;3.1230272850786864;3.0754549750454703;3.026679305911262;2.987196128794225;2.93717193835619;2.8784437144941672;2.815023960146171;2.746474419372711;2.673353142973297;2.595288796940172;2.510849667417402;2.42319352998455;2.355248383472671;2.253118748046203;;;;;;;;;;;;;;;;;;;;;;;;
291.15;3.0505567956659028;3.085118890348346;3.119098365959445;3.152509831329668;3.185367410927405;3.2176847647679936;3.249475107348742;3.2807512256651057;3.3115254963596183;3.3418099020518937;3.3607709370873304;3.3777956440819223;3.388838290359262;3.3945793877765613;3.3966395877229845;3.3950761295939103;3.389966936060289;3.38140670587304;3.369502780441304;3.3543708742458094;3.3361307281032744;3.3149017223773813;3.2907984747373926;3.263926441778176;3.234377542835463;3.202225825493678;3.1675231949835982;3.130295235145064;3.09053715997448;3.048209956920459;3.0032368230542086;2.9596323677480103;2.9218779290603787;2.870355871450082;2.812891441309256;2.751757114977642;2.6856529505623223;2.6161374422789514;2.539843639665015;2.459497929999586;2.378402301634849;2.3086047406308983;2.2102144577680414;;;;;;;;;;;;;;;;;;;;;;;
291.65;2.9927761790036795;3.0269474789212447;3.060548555813656;3.0935935647083057;3.1260961959711744;3.1580696942182;3.1895268763104894;3.2204801484847376;3.25094152266696;3.280922632014595;3.303340224888544;3.3207362022427764;3.3331642101673187;3.340125754504665;3.343539735490619;3.3434521965589004;3.3399296038873243;3.333055310773813;3.322925776095164;3.309646633006231;3.2933286721914947;3.27408377933713;3.2520208509830786;3.22724170539723;3.199837003049236;3.169882192209318;3.137433497822541;3.1025239763710406;3.0651596679140063;3.025315892563248;2.9829337677752945;2.937917072711989;2.901591741910728;2.85794984354324;2.80374304313002;2.7461073254183552;2.684742647366001;2.6193222626953334;2.54851289242056;2.4718949170853377;2.390196367192685;2.33106464312756;2.2388894411928604;2.141101632348073;;;;;;;;;;;;;;;;;;;;;;
292.15;2.912898136027517;2.946808978655344;2.980168574098584;3.012990255416722;3.0452869291245115;3.07707109211389;3.108354847776658;3.1391499213715943;3.1694676746770045;3.199319119967181;3.225130110572063;3.243691392546634;3.258351508468071;3.267128836407531;3.2725353834291955;3.274602086200279;3.2733799953892087;3.268937250973344;3.2613557754793034;3.2507277895671445;3.237152223919628;3.220731074230992;3.201565726425206;3.179753267788333;3.155382794958738;3.1285317293526544;3.0992621526458226;3.0676171785197286;3.0336173825956148;2.997257322410945;2.958502197040164;2.9172847267814217;2.877388813065225;2.8430268132538585;2.795771999310575;2.743006213790975;2.687762649683921;2.627113412513298;2.5633838814519097;2.494404530635689;2.419784171280418;2.340258463999397;2.28279334248282;2.193217799222784;;;;;;;;;;;;;;;;;;;;;;
292.65;2.8158918911967032;2.849514217006704;2.8826093574093603;2.915189615057188;2.9472669127566253;2.9788528080155;3.009958506926995;3.040594877425172;3.070772461944976;3.1005014895177108;3.129791887331135;3.149830073469797;3.1672347480074508;3.178940938844728;3.186765694829382;3.1914468760829284;3.193017526582594;3.191527839163863;3.1870424184215813;3.179637321590206;3.1693969634082304;3.1564109440967405;3.14077083627355;3.1225669501012936;3.101885086631947;3.079429353585129;3.054028975323668;3.026348337116264;2.996422972217444;2.963584245236374;2.929175193139897;2.8924911075056694;2.85346665835973;2.817264197392294;2.78498928251674;2.739502143055903;2.689526845200222;2.6363782223082257;2.57978719832397;2.518557042044813;2.453233512069316;2.383538423816684;2.308258228783422;2.25423440968352;2.1703777376293667;;;;;;;;;;;;;;;;;;;;;
293.15;2.7284911837208514;2.761786335427692;2.7945763097865504;2.8268725175876948;2.858686028531648;2.890027583879413;2.920907608543845;2.951336222650755;2.981323252596684;3.010878241628736;3.0400104599703885;3.0645520923045724;3.082952707785807;3.097809228542636;3.1076721753516474;3.114574861017232;3.118535064241477;3.119587434947384;3.1177812694660605;3.113178018876683;3.1058486235247256;3.0964050595349364;3.0838766324971765;3.068863029159389;3.0514451437073897;3.031699186668542;3.009693799099654;2.98548716430062;2.959124123926397;2.93063330945656;2.90002430578996;2.8672848727453863;2.8316850219199505;2.794531082299104;2.761606965468342;2.7311073439816687;2.6862989716981693;2.6394925815078447;2.588899926553172;2.5350431254357684;2.476775705123276;2.4146338545599564;2.348352249156797;2.2767538578198656;2.220680720792035;2.145892401403885;;;;;;;;;;;;;;;;;;;;
293.65;2.6653593505450845;2.698274422368278;2.730699393013567;2.762645127903653;2.7941221736389736;2.825140769606478;2.8557108590848364;2.8858420998713967;2.915543874454724;2.94482529975526;2.97369523645531;3.001197084574131;3.0207209688206014;3.036945944935344;3.0481079165129032;3.0564489438427698;3.0619766636559445;3.0647151165916178;3.0647028895811093;3.061990960929493;3.0566403413546066;3.04871958829314;3.0383022493222263;3.025464269651828;3.0108387887811854;2.993397789597496;2.9737517380665324;2.951960134021249;2.9280717633435107;2.9021220635896143;2.874130503721446;2.844097995269269;2.812004362099456;2.777126373370357;2.742129084103881;2.712797118209326;2.678645493828059;2.634761909973498;2.588915861664198;2.5393544824730925;2.4865925057040945;2.4295123327693813;2.3686500049645365;2.3028428601004425;2.232763915050961;2.1848028270304662;2.105877616634192;;;;;;;;;;;;;;;;;;;
294.15;2.5726167535630617;2.6051037238919843;2.637124467047156;2.6686889479072486;2.6998068493814977;2.730487582313024;2.760740294967667;2.7905738821284496;2.819996993814647;2.849018043643428;2.8776452168510342;2.905886477989575;2.9297675389206863;2.948449156177725;2.9625875670065125;2.9731357294699774;2.9810569230216304;2.986360076934871;2.9890683916421383;2.9896657559169646;2.9873201482421337;2.9825163798394407;2.975316179547556;2.9657855387747607;2.953992448522035;2.940004623888641;2.9238872215727536;2.9057005508759555;2.885497777554612;2.863322621282252;2.839207050484801;2.8131689824465145;2.785210002161585;2.7553131215112647;2.723440612885622;2.6895319711367165;2.662439470375935;2.6321866548619046;2.591279494345106;2.548584389262196;2.502434249029859;2.4533382970095707;2.4002401224972174;2.344506885842714;2.283357969757571;2.2182302086280195;2.161148360416515;2.101684548018566;2.0232203074810764;;;;;;;;;;;;;;;;;
294.65;2.498647817000512;2.530697028603877;2.5622986018485507;2.593461850088222;2.624195830096979;2.6545093508447204;2.684410981914845;2.7139090615811376;2.7430117045598204;2.7717268094519274;2.800062065890328;2.828024961404988;2.8556227880193403;2.875510696469945;2.8922414028921666;2.9043908252849024;2.914068888652732;2.9212734422317768;2.926016060237629;2.92874538893466;2.928664442639261;2.926224082505481;2.9214759704618243;2.914477191727771;2.9052882528356325;2.8939710604386324;2.8805868927675937;2.865194367060365;2.847847401988298;2.828593173208428;2.807470061610706;2.7845055967316394;2.75971440176186;2.7330961517965235;2.7046335643417057;2.674290452166936;2.642660399591287;2.6170539121640632;2.5877301579339376;2.549493963466564;2.5081715161553;2.464271568519638;2.417592596118039;2.367915201646205;2.3141927905102766;2.2569655469301404;2.196035743371995;2.13487292649184;2.084937078876014;2.0112741618058214;1.9332474572515308;;;;;;;;;;;;;;;
295.15;2.4389310356554867;2.470558225730485;2.5017522967318047;2.5325220851878507;2.5628761888726865;2.592822974815568;2.622370586990188;2.651526953698478;2.6802997946630263;2.708696627841445;2.736724775975315;2.7643913728856955;2.7917033695265667;2.8155905807618824;2.833817283589413;2.847135794138749;2.8581131167229703;2.866738985286255;2.873016198109604;2.876959708727004;2.87859541667709;2.8783963383911937;2.875545689421953;2.870514566601015;2.863356773783872;2.854128649355144;2.8428872283135496;2.829688401453208;2.8145850728086663;2.7976253131990148;2.7788505073319087;2.7582934935861982;2.7359766985500404;2.7119102723384843;2.686090235876782;2.658496658525616;2.6290918950593936;2.60100039074334;2.576343593624148;2.5460608406123373;2.508369247392935;2.4683638429764696;2.4266017363449737;2.3814596912899684;2.332665253657288;2.2815223869400567;2.2262485555474605;2.166578900656328;2.1075617907438136;2.060415130420858;1.989339401696216;1.914006280111173;1.835241230218445;;;;;;;;;;;;;
295.65;2.334997475586355;2.3660319576475626;2.3966608526613644;2.426892059885137;2.45673327477031;2.486191995493153;2.515275529236028;2.5439909982301625;2.5723453455704512;2.6003453408122468;2.6279975853596165;2.655308517654081;2.6822844181723977;2.708931414241532;2.732220713244052;2.7502685902818897;2.7639650024725064;2.775215173061107;2.784311494226969;2.791253478147691;2.7960512878355765;2.798724813172754;2.799302524842802;2.7978201602839743;2.7943192952915625;2.78884584704736;2.781923764817591;2.772664220772746;2.7615800347203607;2.748719172853265;2.734126243427237;2.717840948444324;2.69989652880204;2.680318201743166;2.659121592275888;2.6363111638775143;2.6118786584930764;2.585801562286417;2.5580416229566616;2.533486728961099;2.510526941418388;2.480225273996263;2.4447281788014057;2.4077636303445176;2.367828178048365;2.325415556009664;2.280338372930741;2.231633601467982;2.179828103450846;2.124747057183103;2.065422331352031;2.0260173666369288;1.9603744595454804;1.889737236138421;1.8164995446201595;;;;;;;;;;;
296.15;2.2734277774580653;2.303975165876172;2.33413194732696;2.363905566204206;2.39330327892364;2.4223321598189944;2.450999106817536;2.479310846904613;2.50727394138633;2.5348947909589805;2.562179640593488;2.589134584242657;2.615765569378715;2.6420784013682166;2.6680787476910903;2.688570032429982;2.7042979487283345;2.7171917893225053;2.7277515719102;2.736274283504563;2.742761403019042;2.7472238971556884;2.7496813698971505;2.750161017684196;2.7486964382351253;2.7453263404231123;2.74054752082249;2.733507643816617;2.7246949274367847;2.714154907530327;2.7019313654241364;2.688064948727129;2.6725917903258485;2.65554212214546;2.6369388818518456;2.616796313215883;2.595118564145936;2.571898290558703;2.547115279815726;2.5207351153088657;2.497513935159664;2.4758823425555025;2.447162419835856;2.414101945228494;2.3783902773060284;2.341199346987969;2.30103001164391;2.258373266106501;2.2123067691169385;2.1633443870116738;2.111314275806336;2.055268235757564;2.015120724112172;1.9572475573194807;1.8911340239416727;1.8213650984850929;1.748776371154914;;;;;;;;;
296.65;2.181186041770673;2.21107557883957;2.240598352150743;2.269761071178631;2.2985702827345587;2.3270323758665024;2.355153586582808;2.382940002407194;2.410397566772033;2.437532083256561;2.464349219676373;2.490854512030259;2.51705336831014;2.542951072179622;2.5685527865264257;2.5938635568937016;2.61549872599477;2.631549435579402;2.644350302815837;2.655292467468468;2.6643651763644995;2.671928206880393;2.677278659466802;2.680777644668827;2.68244627707304;2.682311703916497;2.680406058320551;2.676765344121104;2.671428283455286;2.6648947114878148;2.6562960285383674;2.646121426176576;2.6344089077318444;2.621193392101795;2.6065055582936187;2.5903706857415765;2.5728074883835044;2.553826942704629;2.533972570377264;2.512162872943715;2.4889110727690293;2.463614393781928;2.4426083278356088;2.422048218072293;2.395888368902847;2.364392386746413;2.3316868882958017;2.2963834603033133;2.2596425608115034;2.2192903252235814;2.177186584003385;2.131759359724153;2.0835401280074675;2.032390861873722;1.985414998179035;1.9423775058970567;1.881022437086334;1.816861906530128;1.749589776105658;;;;;;;
297.15;2.094919114068277;2.124110925943519;2.1529576122920355;2.181465257610636;2.209639804207034;2.2374870563292664;2.2650126841520155;2.292222227625615;2.3191211001932133;2.3457145923813334;2.3720078752688334;2.398006003839046;2.4237139202196585;2.4491364568146987;2.4742783393327907;2.499144189715673;2.523738528970782;2.5474422411183504;2.56385460489808;2.577231880618549;2.5886129611819;2.5982780031744697;2.6062217469486653;2.612446298385482;2.616960727324247;2.620170409535358;2.6213284236060987;2.620838412388472;2.618730356997712;2.6150372478920443;2.609794105890935;2.6034901071359875;2.595264100453115;2.5855951329997264;2.574516589293034;2.562059012014923;2.548249138489972;2.5331089345665334;2.517166006544876;2.4994152026760283;2.4803618156188274;2.459999072724606;2.438310559353173;2.4152692722047444;2.395365532879649;2.375943908096064;2.3523360286130126;2.3236860951518308;2.2933870708222392;2.2607030349815656;2.226118829754273;2.190167224457662;2.150710060104242;2.109595412375228;2.065289172207391;2.0183373922794523;1.9678677633975208;1.934171777822301;1.8817067116281303;1.82251288730369;1.7600112005945086;;;;;
297.65;2.006287626021406;2.0347161902464945;2.06282160927806;2.090609361726613;2.118084803052657;2.145253169007606;2.1721195789599763;2.198689039111288;2.2249664456059155;2.250956587538953;2.276664149865958;2.3020937162183164;2.327249771627749;2.352136705163384;2.376758812484644;2.40112029831307;2.425225278826059;2.449077783975393;2.4726817597332937;2.494059481975784;2.507963195966725;2.520351323448325;2.530880212138924;2.539839909714829;2.547227496942987;2.553046215262241;2.55768143214024;2.560406154260159;2.561604239792842;2.561299007471972;2.55951713426842;2.556287865396098;2.5520786999318803;2.5460570775683284;2.538682718965384;2.5299870506127884;2.520000025318461;2.5087493319659164;2.49674309881678;2.4830423454322825;2.4681395451679404;2.452045533795536;2.434764937899921;2.416295376804489;2.3966266676420047;2.375740041494248;2.355245438335007;2.337982118204636;2.3196326083083583;2.2943424308313856;2.267039602763888;2.238212530345833;2.207148999820664;2.174333468830213;2.1402961945170578;2.1029642014778003;2.064152786779733;2.02238177049414;1.978194300973628;1.931491151370711;1.8974068238110504;;;;;
298.15;1.9029644140333444;1.9304442450898007;1.957626144985644;1.984514932767696;2.0111153241091406;2.037431934066577;2.063469279749305;2.0892317829040823;2.1147237724184564;2.139949486745662;2.164913076253909;2.189618605502827;2.21407005544967;2.238271325587802;2.262226236019873;2.285938529468008;2.309411873223222;2.3326498610362;2.355656014951483;2.3784337870870376;2.4009865613610795;2.423317655167987;2.4395746960153395;2.4516105828915995;2.4622560447472988;2.4718376628086807;2.4796896638087453;2.486136831686376;2.491184449699078;2.4952226930323613;2.497514975154944;2.498449172343548;2.498046395415232;2.496330387570637;2.493752485145138;2.4894964621607323;2.484007572799912;2.477313769651231;2.469442459692208;2.460881797652783;2.450738913278899;2.4394911645024684;2.427157689638359;2.4137540379598525;2.3997854615322733;2.384277146651512;2.3677178860782364;2.350102874205936;2.331420682019413;2.311652661795765;2.2939956925613694;2.2780403387541384;2.260560969825432;2.235795611431916;2.210303594176788;2.183455551092797;2.154568846189447;2.1247463927189263;2.092670225733616;2.058835560096056;2.0231307018539155;;;;;
298.65;2.121915040676257;2.150753320516461;2.1792314446091434;2.207356117959656;2.2351338801640583;2.2625711104785724;2.289674032703714;2.316448719890988;2.342901098879595;2.369036954670301;2.394861934643209;2.4203815526259302;2.4456011928182884;2.46543848818973;2.481458320406148;2.495693942176468;2.508118039280909;2.518976299666908;2.527744390854094;2.5346703881060866;2.539760242585008;2.5430267617093176;2.544488646091616;2.54416940231892;2.542096169653163;2.5382984915676103;2.5328070537534635;2.525652401022511;2.516863637929951;2.506467112750133;2.4949019974319584;2.4813613079109587;2.466261972034061;2.4496058178713924;2.4313850128549848;2.4111116722948784;2.392084410577452;2.374980811433997;2.3554672413221103;2.3287012493515458;2.3005766423304217;2.2699227521236844;2.2377000042353306;2.2026389347474664;2.164520575000051;2.1243611317370426;2.08074313824768;2.033424315603978;1.9835726822338544;1.9498398891112911;1.8932551082912168;1.832649635805476;1.7675461483174597;1.7001762101860722;1.656509934627852;1.588303342850122;1.5227206293436604;1.466046057125689;1.422956114175593;1.40144264374919;1.4067237080995714;;;;;
299.15;2.05090080081833;2.0792295822965903;2.107216760451494;2.134868477100797;2.162190727704588;2.189189365699039;2.2158701066770803;2.242238532422262;2.268300094801776;2.29406011952436;2.319523809768498;2.34469624968614;2.369582407786871;2.390202284675976;2.40682761581356;2.421594345270173;2.4346634502673403;2.446013905878452;2.455632498131614;2.4635135864564086;2.4696586618969585;2.4740757130740225;2.4767784268875337;2.477785258532076;2.477118406137214;2.474802720921528;2.471217658275556;2.465693968575083;2.4586002668860454;2.4499605357579823;2.43979555204152;2.4281216529663503;2.4149494768108064;2.400282677179732;2.3841166130585654;2.366437021081928;2.347672095521081;2.3320100412856104;2.3159596493008987;2.2926558399128467;2.267120552724243;2.2392178844220427;2.2098610978942674;2.1778618009447155;2.143591567942101;2.106297688017679;2.066968049505857;2.0235956788280856;1.9778476367443207;1.9337137115804224;1.895793623267353;1.83967804743383;1.7804408934437062;1.7170068816502484;1.6516626617930037;1.609456511050937;1.5435147184172384;1.4824444152898069;1.4304419259812982;1.3934757316751256;1.3785386316145003;1.3905581166564194;;;;
299.65;1.9833235751454483;2.0111385908419632;2.0386296025028976;2.0658022386024584;2.092661997997804;2.119214253638842;2.1454642561513406;2.171417137298368;2.197077913324849;2.2224514881898374;2.247542656690844;2.272356107484434;2.296896426007077;2.3182910269852863;2.335045817872941;2.3502396352528825;2.363842624183817;2.3758319360783045;2.3861917643333603;2.394913216250344;2.401994003044838;2.4074379499385548;2.4112543443118124;2.4134571497839583;2.4143754509051223;2.4134175088178123;2.4109064181880355;2.4068653808907823;2.401317318459741;2.394283791634953;2.385783901624618;2.3758331701503206;2.36444239488086;2.3516164779535083;2.3373532276115783;2.32164213637656;2.3044631436972374;2.2897376702564283;2.2750391951564417;2.256259514275067;2.232639799162785;2.2077546798695984;2.1805356686904505;2.151863098144033;2.1205783781980494;2.0870384810182903;2.050509411340731;2.011359200052153;1.969421444470804;1.9239103959848085;1.8904579331331064;1.8432810037298728;1.788328947296804;1.7297316965277054;1.668680072889693;1.617630398136736;1.5646686832421572;1.5017852261949765;1.4445258722959295;1.3972387541880975;1.3670021440542626;1.3577574650870892;;;;
300.15;1.9189367121017609;1.9462359302392047;1.973227829842751;1.999917571283015;2.026310200039164;2.0524106498786687;2.0782237459320414;2.1037542076665696;2.129006651762904;2.15398559489818;2.178695456439195;2.203140561049022;2.2273251412102733;2.24918813849652;2.2661971947959567;2.281745960813145;2.2958040305803524;2.308347228311892;2.319357699726551;2.328823870498181;2.3367402468981022;2.343367628108056;2.3482011058034864;2.351500097873892;2.3532783592854587;2.353552593070724;2.352341553211464;2.349665110315906;2.345543292265841;2.3399953058821565;2.3330385408125904;2.32468755371832;2.314953029481117;2.3038407163827315;2.2913503337335484;2.277474453020498;2.2621973572320946;2.247980430838844;2.234563727270505;2.2194600364995862;2.198534514328792;2.1759866033698283;2.151254197959012;2.125174795435458;2.096663352382248;2.066062509105044;2.0326854559025733;1.9974379677872305;1.9590594666397405;1.9173353581002848;1.874548188170859;1.8442716196538465;1.7941748521340102;1.7397437059650205;1.6825502738978173;1.6224793264802762;1.5842164317301275;1.5220903112389474;1.4629479046064904;1.409450534941303;1.3672013010827917;1.34360735959167;;;;
300.65;1.8575157728247087;1.8842990073132373;1.9107907361576568;1.9369956926704124;1.962918508239628;1.9885637150578843;2.0139357487638008;2.039038950999649;2.063877571888096;2.08845577243105;2.112777626833436;2.1368471247546523;2.1606681734903;2.1828918137310804;2.200096500111942;2.215934914245741;2.230376457201445;2.243396054724074;2.254974284659233;2.265097400930207;2.2739906393716214;2.2811949068563626;2.2869347931929136;2.291216717853412;2.2940508404715034;2.2954503319409203;2.2954305828727777;2.29400836885768;2.291200986502104;2.2870253684603483;2.2814971806483824;2.274629901118687;2.266433877940632;2.256915362835558;2.246438908331005;2.233909395788076;2.220404892312624;2.2067153615815145;2.194914761191437;2.18234334396484;2.164321438836988;2.1435105710384;2.121526052943419;2.097391897108785;2.07191651618504;2.0440419575603133;2.0140979129815446;1.98141445169868;1.946873592345327;1.9086878150982265;1.8683455896099608;1.834244137154556;1.7966155603698084;1.746923699571875;1.69371102413249;1.6379425940776746;1.5795956185022004;1.5425220034512028;1.4828646669756576;1.4267272998402414;1.3769159193236211;1.3394538142771075;1.3215180792387142;;;
301.15;1.798856810011833;1.8251254002240005;1.8511174667809045;1.876837353176335;1.9022893124106848;1.9274775093354413;1.952406022925157;1.977078848479522;2.001499899758017;2.025673011049549;2.0496019391793694;2.073290365455478;2.096741897556634;2.1191945873147424;2.1365369185758407;2.1526004124807443;2.167354593721702;2.1807738777503327;2.192837717565198;2.2037388368605275;2.2130608638636486;2.220995947285705;2.227543217802131;2.232705990579392;2.2364912302246527;2.238908925902289;2.2399713981518823;2.239692556755505;2.238087124791836;2.235169838941523;2.23095463118826;2.2254537930231257;2.2190036003141183;2.210965812875891;2.201660852753701;2.191085728259304;2.1792312935443388;2.166081268976356;2.155405573308225;2.143972899620698;2.129377229333182;2.111000324432445;2.0911239486361604;2.069234827400489;2.0461023109330707;2.020735108984526;1.9934500387737069;1.964115572384005;1.93207854188106;1.897668896844906;1.860740269372088;1.820591945765768;1.795311925655953;1.7500993519969426;1.7014277052152318;1.6494125927398822;1.5944083806899323;1.5481839131127824;1.5025629834463154;1.4453876849142744;1.392274171882333;1.3461647261217509;1.3164214878918428;;;
301.65;1.7427737138656634;1.7685302530214224;1.794024461187164;1.81926032582813;1.844241754003634;1.868972574383594;1.8934565392046807;1.9176973261681824;1.9416985402815887;1.9654637156458608;1.9889963171902063;2.012299742356192;2.0353773227328773;2.057992542723017;2.0754287228086707;2.0916678409778;2.1066797719909007;2.1204387129323665;2.1329233364976643;2.144311677745488;2.1542118145557585;2.1628008711956244;2.170075469853088;2.176036198082145;2.18068717269941;2.18403551198499;2.1860907351368266;2.1868641074517328;2.186367946894809;2.184614903562439;2.1816172190106604;2.177686176023653;2.1722384308298976;2.1655726640937587;2.1576917662255783;2.1485942334734527;2.138273297659352;2.126716030393055;2.116411238588058;2.1064308100557976;2.094975982482609;2.078085435771527;2.0601655173602658;2.04077012884493;2.01939642741774;1.9967878720735284;1.9719776692978044;1.9452710083966105;1.9160564657125736;1.8851439509089816;1.8514107605474897;1.8146664504347565;1.780273028419573;1.7509598234738613;1.706084813557535;1.6584625281025105;1.6076766541681036;1.5541362050468783;1.5193907886100444;1.4646213087397877;1.4105263877430192;1.3598185172303736;1.318232451858324;;;
302.15;1.6890972616403477;1.7143453780781446;1.739344607510197;1.7640986120467803;1.7886109823033616;1.8128852391368568;1.8369248353315264;1.860733157236222;1.8843135263545967;1.907669200889866;1.9308033772456064;1.95371919148407;1.976419720743388;1.9989079846150213;2.016612735316118;2.0329807051929687;2.0481983755454025;2.062239977188208;2.0750837077917628;2.08671184925626;2.097302476807572;2.1064719579887545;2.1143971179185383;2.121076172957331;2.126510722131263;2.1307053090197527;2.133666907987062;2.135404351628436;2.135927714920794;2.135247668492412;2.133374809519665;2.1303189748133047;2.126379425334897;2.120988201527981;2.114431870740667;2.106710050263006;2.097817879711653;2.0877452050045733;2.077830254050721;2.069203115495707;2.0595359952107146;2.045488734728357;2.029399587944664;2.01153909653372;1.9926046293215;1.9717257949467484;1.9496218468434543;1.92535000827849;1.898751245390809;1.8705905529702835;1.839810190075876;1.806727838397492;1.7706943338084324;1.743962329924848;1.7081351710347252;1.664772070547088;1.6176350004348268;1.5680915149425616;1.516025637399708;1.483519573752648;1.4295040008603412;1.3778070860495388;1.3305020423506202;1.291726080693441;;
302.65;1.6376729890835025;1.662409120241516;1.686908940007951;1.711175818610697;1.7352130624934718;1.7590239158176766;1.7826115619220069;1.805979124741213;1.8291296701853248;1.852066207480638;1.874791690473668;1.8973090188992845;1.9196210396141564;1.9417305477966067;1.959984293398324;1.97644287734954;1.9918233571748656;2.006100192539102;2.0192513518324984;2.0312584354595056;2.042286350883661;2.0519736483498874;2.06048375469662;2.0678128292596174;2.0739602473297967;2.078928244754356;2.0827214856330176;2.08534656775152;2.0868114804000624;2.08712502732607;2.086296224480677;2.0843336786727504;2.081519588548046;2.077317852200521;2.071999310271812;2.065564426090603;2.05800988563755;2.0493278568616544;2.0398252410571005;2.0324667164396275;2.0237814004992813;2.012675784722355;1.9982902645660567;1.9826070051823548;1.9651890749097545;1.9467103894697728;1.926322244988009;1.9047212267247529;1.8805612221744947;1.8549673314979256;1.8274025638966944;1.7972656047947992;1.764378914952577;1.7300946463262017;1.708096487886867;1.668278210054654;1.6253267965167988;1.5793036989581133;1.530452250808614;1.486336897362403;1.4489530597768554;1.3969340507600996;1.3475534334532158;1.302946658743381;;
303.15;1.58836010297212;1.6125980273215217;1.6366117101872135;1.660404249155433;1.6839786850220768;1.707338003088242;1.730485134420454;1.7534229570767124;1.7761542972994264;1.7986819306762774;1.821008583270012;1.8431369327181293;1.865069609303403;1.886809196996118;1.905384531088664;1.9218938909052776;1.937392603300155;1.9518555308834724;1.965260637797695;1.9775891102077496;1.988825450456134;1.998957520875078;2.008161277508678;2.016069629566165;2.0228566377881134;2.028522497529597;2.0330697970216853;2.0365030957796315;2.0388284518573303;2.040052910410684;2.040183963874419;2.039228991100476;2.037194679663542;2.034086432719891;2.030181138800539;2.024940122221872;2.0186275843339456;2.0112375478216404;2.0027595032610344;1.9959736554103795;1.988532628719329;1.9801153147858688;1.966982163300526;1.9529572301649365;1.937660544443306;1.920664429764028;1.902620723138499;1.8827018421841912;1.861180615310132;1.8379528318383216;1.8129053456450537;1.7854730486865753;1.7559467128311397;1.7242046989967068;1.6960737218038209;1.6690229779812302;1.6295404524123822;1.5875529445396352;1.542637331235018;1.4950715091121811;1.459637857702212;1.41603140721339;1.3659772844922016;1.318858833398806;;
303.65;1.5410299268227097;1.5647753483752538;1.5883079631316424;1.611630619096121;1.634746113678656;1.6576571948134626;1.680366562047994;1.7028768676032893;1.7251907174065624;1.7473106720968716;1.769239248004687;1.7909789181061406;1.812532112952724;1.8339012215771604;1.8525766735974776;1.8692069769894664;1.8847804904509249;1.8993815784191053;1.9129883937212044;1.9255819441984967;1.9371461914221624;1.9476681147819808;1.9571377210236305;1.965547984417004;1.9730833013398683;1.9793722975810224;1.9845967968614595;1.988759517740956;1.99186474429988;1.9939178762512009;1.9949249474649329;1.994892121066843;1.993825166533478;1.991728921476473;1.988606738487567;1.984459915756325;1.9792871092915976;1.973362717466049;1.9661274274292035;1.95960267165284;1.953309689950828;1.9463994252586845;1.9356845745700595;1.9228701482951749;1.9091798773587088;1.8942419285464456;1.8776376310232985;1.8599979658090315;1.840515716322508;1.8194542046502;1.796710735761545;1.7717556551798586;1.745296276986714;1.7163608821402156;1.6847890035136412;1.662965994248249;1.6306175050932317;1.591963639635477;1.550907732362969;1.507068668552651;1.4607593078537342;1.432414859381599;1.3841433465135138;1.336032517505853;1.2906699573409448;
304.15;1.4955640704496604;1.518823155329624;1.5418802674640812;1.5647380262579231;1.5873990060159082;1.609865736909155;1.6321407059168809;1.654226357744137;1.6761250957162357;1.6978392826505673;1.7193712417064688;1.7407232572137823;1.7618975754807316;1.7828964055817065;1.8017507172788143;1.81825113748414;1.8338628230792395;1.8486869478279515;1.8624594471217368;1.8752787038195784;1.887128336720598;1.897994662538644;1.9078667313271709;1.916736306033947;1.9245977755558223;1.9314479967754028;1.9372860668455223;1.942311209243812;1.9461364710005844;1.9489570454594936;1.950777588989084;1.9516030945565472;1.9514384201992248;1.950287801660612;1.948154350757084;1.9450395391559168;1.940942665990257;1.9358603071879368;1.929785744536295;1.9238193021494192;1.918606166987536;1.912804304381075;1.9043084300804949;1.893257884918699;1.8810841546501096;1.867414501674816;1.852840164513144;1.8366334452936408;1.819405673094068;1.8003699661184824;1.7797810153007023;1.757538178998798;1.7331257628892305;1.7068111900726086;1.6784807963687651;1.6498412305277566;1.6299186818210205;1.594497510615656;1.556717338771697;1.516637847676973;1.4739153414338384;1.4294203164135564;1.401358237923263;1.354708898332649;1.3084704541062626;
304.65;1.4518543971297413;1.4746276511578815;1.4972090652630463;1.5196010533423912;1.541805988963881;1.5638262062050152;1.5856640004707057;1.607321629290919;1.628801313098652;1.6501052359888122;1.6712355464585429;1.692194358129524;1.712983750452759;1.7336057693963327;1.7526681724025974;1.769129652374593;1.7847577376843975;1.7995291907554587;1.8134229247154336;1.8265517349461573;1.8386429523677663;1.849806872180917;1.860031811292248;1.8693085507614349;1.877630289765758;1.884992537192148;1.891392938990906;1.8968310441579648;1.9013080157639617;1.9048262955424755;1.907595098736358;1.909212805054125;1.909882909417944;1.909609004290134;1.908393871426796;1.906239013832369;1.903144173396777;1.8991068325146248;1.8941216977001345;1.8887055746852364;1.884237055654371;1.879469195533759;1.8730067294898471;1.8632955244212603;1.8525264906960888;1.8406605364748945;1.8273331499372392;1.813116649350235;1.7973016814582934;1.780480966269266;1.7618876783955308;1.7417685598949613;1.7196413195614182;1.6961563306313392;1.6704234009961432;1.642292504692147;1.6191247080353333;1.5947270164786669;1.5605791823294983;1.5236991413612395;1.484120195894847;1.4420122546840224;1.404945414943361;1.3720615419082711;1.3270004987910011;
305.15;1.4098014003742492;1.4321021136552563;1.4542207223803072;1.4761594480403244;1.497920476139318;1.519505956920153;1.5409180060728287;1.5621587054257502;1.5832301036204712;1.6041342167703687;1.624873029103688;1.6454484935913976;1.6658625325602625;1.686117038291547;1.7051379283078705;1.7216237245798074;1.7372387611304645;1.7520496182076684;1.7660357289981827;1.779178506358318;1.7914614205837127;1.8028700757821703;1.813392270331232;1.823168244446368;1.8318963100212744;1.839714461678846;1.8466190869814567;1.852608409215568;1.8576822511946;1.861841751940235;1.8650890441204373;1.8674269002529464;1.868858354804576;1.8693863077495607;1.8692312155387905;1.867964204809948;1.865797444659829;1.8627290791140525;1.858754928597772;1.8538680050543108;1.85035483523518;1.846290456238053;1.8414144913167785;1.8332162650494328;1.8237499351119144;1.8132519047154765;1.801381593764269;1.7886840493046523;1.774812193808723;1.7593750476528884;1.7426090239638343;1.7244330703515318;1.7047583006384417;1.6834890043686506;1.6601373409952072;1.6349601171863553;1.6074404411315308;1.589052314900803;1.561307338355676;1.5274925465888756;1.4914879064626758;1.4528987514630554;1.4119145718310884;1.38189379427469;1.3440160430099095;1.3005045641548547
305.65;1.3693133728390416;1.391143345243015;1.412800319602033;1.43428634426067;1.4556034353533405;1.476753577434947;1.4977387240967754;1.5185607985680245;1.539221694303371;1.559723275556945;1.5800673779430712;1.600255808984144;1.6202903486459737;1.640172749860932;1.6592798340340469;1.6755846898965387;1.6911562843276111;1.706075758632065;1.7201239908101915;1.7333790748172004;1.7458246067607148;1.7574460750682348;1.7682309232750968;1.778168592334966;1.7872505295894223;1.7954701541444331;1.80282277216676;1.8094710702809784;1.81508833898433;1.8198341552695727;1.8237095213766223;1.826716185042152;1.828856304877812;1.8301320953571127;1.8305454558058032;1.8300975860763111;1.8287885899471337;1.826617065939566;1.823579684325084;1.8199059203796;1.8165716756084345;1.8134155978888613;1.8094873682586072;1.8032006909659373;1.794949466533421;1.785726435393212;1.7754971111368865;1.763928621184824;1.7515488973727211;1.7377093943084514;1.7229573324631762;1.706592413410168;1.6888446458446027;1.6696271947307988;1.6484830196076108;1.625653511465151;1.6010387958398589;1.5765641719669816;1.5594782761150945;1.5290087974687867;1.4959966470932544;1.4608786546431116;1.4232873052383177;1.3834282245618954;1.3591197150779306;1.317568240589285
306.15;1.3303057368152695;1.3516777990031374;1.372885616676195;1.3939310759183;1.4148160340452471;1.435542320151173;1.4561117356425617;1.476526054760165;1.4967870250891624;1.5168963680578709;1.536855779425293;1.556666929757807;1.57633146489527;1.595851006406811;1.6149209326529754;1.6311219993166013;1.6466351935758916;1.6614396495616843;1.6755160226467758;1.6888465315549623;1.7014150108678046;1.7133277061515768;1.72433640616749;1.7345448193403703;1.7439437821601738;1.7525259330125278;1.7602856608976185;1.7672190076367842;1.7733235227366944;1.778598073184532;1.7830426127596306;1.786657916805489;1.7896292164518124;1.7915956328963505;1.7927370161141631;1.7930543089704838;1.7925476294868634;1.791215899979436;1.7890564639902566;1.7860646897252046;1.7833758248712044;1.7808374620316487;1.7777924823439353;1.7732573166179053;1.7661386596913735;1.7581032365328035;1.7491214793454295;1.7388822311474397;1.727888255123315;1.715823250841808;1.7023313003920362;1.6876328238697107;1.6719776073687207;1.654325637230401;1.6355543009422568;1.615252995313761;1.59296143591952;1.5685470960694672;1.5485693674800205;1.527910308876118;1.4981677656311196;1.4659659921950192;1.4317408702604908;1.3951496194191104;1.356410710243346;1.3337419973113869
306.65;1.2927002988821794;1.313617223794434;1.3343780939638643;1.3549846493146025;1.3754386040009643;1.3957416468827804;1.4158954419902474;1.4359016289785616;1.4557618235726046;1.475477618001925;1.4950505814262682;1.5144822603518913;1.5337741790388957;1.5529278398998;1.5719137072226768;1.5879877729962772;1.6034164293864466;1.6181796374216575;1.6323548151466138;1.64573826943647;1.658404457688031;1.670339012849548;1.6815291084791644;1.691963508457902;1.7016326016263277;1.7105284109528205;1.7186445686100411;1.7261232431560647;1.7326724908012636;1.7384317269844218;1.7433999522721308;1.7475770415093836;1.7509634896211164;1.753560133371113;1.7553678540697786;1.7563872651672623;1.7566183873625054;1.7562602143480703;1.7549160802787405;1.7527768213770414;1.7502690023758356;1.7487515212417626;1.7463052933849628;1.743371820078094;1.7373068051121825;1.730375594122768;1.7225528864897466;1.7135475508524756;1.703838330363609;1.69312979906465;1.6810899386577538;1.6682241661959092;1.6538931227132814;1.6383114681666229;1.621402979365039;1.6030854748392374;1.5829269958120793;1.561158796581379;1.5376905477278595;1.5212475353266548;1.498011418025072;1.4690092047862895;1.4376296484831976;1.4038721428167356;1.3682740947062089;1.3337895130505757
307.15;1.2564246352893478;1.2768944711016457;1.2972160234930696;1.3173908978956417;1.3374206766491743;1.3573069194149767;1.377051163580696;1.3966549246565183;1.4161196966629426;1.4354469525103342;1.4546381443704652;1.4736947040402324;1.4926180432977487;1.511409554250993;1.530070609679197;1.54628446491529;1.5616168556757335;1.5763244077565268;1.5903891210319427;1.603794245102895;1.6165243100250304;1.6285651655758615;1.640015938625588;1.6506468206670235;1.6605543830550171;1.6697301743707662;1.678167212234973;1.6858599453062246;1.6928041779041234;1.6989969557842193;1.7044364141167876;1.7091215907218844;1.7130522089244873;1.7163974892739655;1.7188246695256488;1.7204980475137288;1.7214174898098042;1.7215821680901968;1.720990244599829;1.7196385470080031;1.7177268188083734;1.7167354189318187;1.715064835276065;1.712929159685031;1.7085118010460936;1.702608481680468;1.6956238509703707;1.6880057581682233;1.679489510026831;1.6700391401959591;1.6593447223370852;1.6478873950929676;1.6350676780347038;1.6213862832188894;1.6061966254239888;1.5893956138923258;1.5715204572893495;1.5518479443575297;1.530604629319558;1.5091446898076095;1.4953691787248222;1.468968529613609;1.4406961867066008;1.4101276118736494;1.3772716441853787;1.3426615384743448
307.65;1.2214115332858448;1.2414463142116894;1.261340286523456;1.281094929471316;1.3007117016576006;1.3201920413958117;1.3395373670621622;1.358749077439839;1.3778285520561522;1.396777151512749;1.415596217809053;1.4342870746590974;1.4528510278018985;1.4712893653055348;1.4896033578650694;1.5058073795267606;1.521023564882232;1.5356530644657191;1.5496785688119552;1.5630838906630384;1.5759488634259704;1.5880750197265472;1.5995394128389666;1.610330634462178;1.6204385691160852;1.6298544225337943;1.6385707310057525;1.6465813444115387;1.6538813776363868;1.6606074687214991;1.6664811771425123;1.67163620310493;1.6760715531136607;1.6797867563273132;1.6827816341018418;1.685056051742262;1.6866096559470902;1.6874416004774626;1.687550261527688;1.686932943273333;1.685779213174129;1.68529205349439;1.684350988167305;1.6827556870113596;1.6796343560646814;1.6746855134989411;1.6689418372740428;1.6623810985737864;1.6549768695185578;1.6466981232852804;1.637508845451413;1.6271067541450743;1.6159587621448326;1.6034812943253711;1.5898748343828446;1.5750729103150445;1.559003393931489;1.541273511332068;1.5220965417970698;1.5013891769382632;1.4836225412251824;1.4673895737140683;1.4416836482390916;1.4137802346657378;1.384035250602863;1.352090055552827
308.15;1.1875985290889823;1.2072020365141798;1.2266717315203124;1.246008979541059;1.2652151274957313;1.2842915041020184;1.303239420182411;1.322060168964455;1.3407550263749848;1.3593252513284664;1.3777720860095952;1.396096756150279;1.4143004713011378;1.4323844250976416;1.450349795521016;1.4665686140867826;1.4816545309553268;1.49618952619022;1.5102363037805666;1.5236254878167863;1.5364169451535978;1.5485971376374972;1.5601536050438176;1.571074999482614;1.5813511214153373;1.5909729506225592;1.6000508160318658;1.608346546111606;1.6159680470765363;1.6229109736322846;1.6291720052088934;1.6347487258833917;1.63963947457675;1.6438431685906645;1.6473591042319562;1.6501867384127389;1.652490097077299;1.6539435614507634;1.6547056882916722;1.6547741361962498;1.654145446495461;1.6539440659123992;1.6536746707775891;1.652781862251193;1.6510541662395215;1.6469983704259734;1.6421906484345317;1.6366120106249291;1.6302397923172651;1.6230472807628475;1.6147638715095554;1.605825692810238;1.5959587852871555;1.584855337490893;1.5727084005089615;1.559737066724259;1.545042052573086;1.5293880052942654;1.5124224443029808;1.4937502193108545;1.4732598513846753;1.4586728666106767;1.440128213295441;1.4151029859572746;1.3879518834380729;1.359026254098786
308.65;1.15492750523188;1.1741077468751726;1.1931608182295352;1.2120879798770678;1.2308904757939585;1.249569533623027;1.2681263649409196;1.2865621655200727;1.304878115585572;1.323075380067014;1.3411551088454896;1.3591184369957965;1.3769664850239882;1.3947003591003664;1.4123211512880125;1.428506247558724;1.4435131791583784;1.4579419268486864;1.471837263905667;1.485184162452454;1.4979685203396014;1.5101771765803378;1.521797931916232;1.5328195757373866;1.543334033004329;1.5531325082939116;1.5623044512482598;1.5708428730088713;1.5787418565055302;1.5859965208038758;1.592602957704493;1.5985581394717492;1.6038597982884977;1.6085062794228022;1.6126432861728257;1.615980413532338;1.618659282700714;1.6206788160306471;1.6220375318524438;1.622733303552072;1.6227631098091722;1.6230135845559264;1.623368205483685;1.6231284260255994;1.622288132853633;1.6192516712295044;1.6153093456394774;1.6106382885056083;1.6052190502072965;1.59880836170706;1.5918137544735216;1.5839896071959478;1.5753001741632282;1.565458184053968;1.5549036890504346;1.543083971874815;1.5301880016336735;1.516152855318616;1.5006218931653617;1.4840914688707345;1.465898725195664;1.446576889510752;1.4346986404760014;1.4136497942085515;1.3892870565356243;1.363233553802541
309.15;1.1233440662269507;1.142108991346389;1.1607530532188692;1.1792774158003787;1.197683228148983;1.2159716246624217;1.2341437253111678;1.2522006358670628;1.2701434481276086;1.287973240136029;1.3056910763971803;1.323298008089409;1.3407950732724452;1.358183297091415;1.3754636919770569;1.3915945144851187;1.406444191006591;1.420750968270676;1.43455649672142;1.4478463344090189;1.460606874726477;1.4728253579889994;1.4844898855676991;1.4956811447939928;1.5062099761661256;1.5161545304319115;1.5255065817835616;1.5342588775217114;1.542405138969712;1.5499400426643044;1.5568591780721204;1.563158979676132;1.5689670432693286;1.5740245746914094;1.5784560707657576;1.5822601688136964;1.5854356527296098;1.5879812579669936;1.5898954645849834;1.591176280299082;1.5918210147597782;1.5925006104113413;1.5934382063528816;1.5936308274988622;1.5934247266994448;1.5915127185099738;1.5883758149440137;1.584549268486587;1.5800164166555402;1.5747574951204226;1.568749316698682;1.5619649489493586;1.554147169555631;1.5457064810839285;1.5363829058122946;1.5258844506496705;1.5143928789147765;1.501852060110017;1.4882010042121805;1.473374345252814;1.4570126235351888;1.439315347341393;1.4230104143793048;1.4105747205721273;1.3888306838377416;1.364817295834296
309.65;1.0927974865689924;1.1111549741855904;1.1293975883667626;1.1475264039938875;1.1655424825796885;1.1834468724754252;1.2012406090742498;1.218924715010797;1.2365002003571015;1.2539680628149152;1.2713292879044993;1.2885848491499745;1.305735708261292;1.3227828153129062;1.3397271089192124;1.3558331676057611;1.3704637508478477;1.3846379548719183;1.3983411814004134;1.411559569591038;1.4242800131672244;1.4364901703683994;1.4482605699610311;1.4594203836067174;1.4700375849663698;1.4801030242230675;1.489608403298365;1.498546294344985;1.5069101484410885;1.5146942894114055;1.5218938885784108;1.5286239999762965;1.5346471970741815;1.5400758492472355;1.5449078140913233;1.549141330838663;1.5527748648089514;1.5558069365138667;1.558235937979894;1.5600599384520613;1.5612764810702682;1.562361252152896;1.5636768814054756;1.5646114599428755;1.565000898981875;1.5641281822963995;1.5617476483163668;1.5587139668873973;1.5550129095593928;1.5506275531399034;1.5455379857370657;1.5395130805463753;1.5329360942735453;1.525573948637593;1.5171655288508603;1.5081173465120423;1.4979255055144152;1.4867665608578833;1.474586058769553;1.4613250364856478;1.4469205226470874;1.4310239682322887;1.4138305009174357;1.4001084574702316;1.3862281264292653;
310.15;1.063240240566082;1.0811980876578842;1.099046750734623;1.1167872225393478;1.1344204838162717;1.1519475034915063;1.1693692388505403;1.1866866357125254;1.2039006286014453;1.221012140914226;1.2380220850858494;1.2549313627515395;1.2717408649060764;1.2884514720602969;1.3050640543948426;1.321061850513667;1.335521697319436;1.3495529454843689;1.3631416480354184;1.3762745186043612;1.3889389521167272;1.4011230351748245;1.4128927307109824;1.4240871045411856;1.434769617323363;1.4449312137761607;1.4545635954641332;1.4636592394570576;1.4722114113142892;1.480214167635765;1.4876623438520886;1.4946638956563916;1.500994218204129;1.5067587230273571;1.5119548509421978;1.5165804614941718;1.520633700984367;1.5241128545536484;1.5270161847187755;1.5293417585746476;1.5310872654856924;1.5325520077599633;1.534377791570149;1.5358388193381878;1.536616201579189;1.5366919648581088;1.5350100497281938;1.5327087257971062;1.5297758237578964;1.5261968408370064;1.5219546735687506;1.5170293434934514;1.511397718997972;1.5050332383034424;1.4976920263731108;1.4897608344811089;1.4807671169617511;1.4711141485731176;1.4602940816304602;1.448480699703861;1.4353603152037404;1.4213773279002442;1.4059453096152377;1.3892550727824036;;
310.65;1.0346278594933902;1.0521937727941926;1.0696559069689078;1.0870151789968348;1.1042724950859122;1.1214287508304135;1.1384848313658806;1.1554416115213484;1.1722999559689224;1.1890607193707567;1.2057247465234862;1.2222928725001667;1.2387659227897725;1.255144713434295;1.2714300511635008;1.2872397930458932;1.3015668498736304;1.3154443287750293;1.3289058525027109;1.3419387019990006;1.3545307720766464;1.3666705839071982;1.3783472910854293;1.3896269656235365;1.4003512102458084;1.4105836723571978;1.4203161154857276;1.429540993202719;1.438251463560426;1.4464413969274872;1.4541053730477331;1.4612386636681556;1.4679469129467464;1.4740109006149684;1.479533723752239;1.4845128876809344;1.4889462269607137;1.492831779030346;1.4961676437406006;1.4989518308837484;1.5011820976237655;1.5029987837251697;1.5052918530676895;1.5072355692380397;1.5085283679878858;1.509313018118248;1.5082755987668026;1.5066499929812918;1.5045977899588785;1.5017669355854717;1.4983104390659352;1.4940251323013116;1.4892579394686258;1.483804706934729;1.47763914106304;1.4705238501339393;1.4628342961277327;1.4541110552680387;1.444745936299647;1.4342454175266814;1.422778605395931;1.410041034142156;1.3964652494702303;;;
311.15;1.0069182576179336;1.0240973488900555;1.0411777278291872;1.0581602428104986;1.0750457325152083;1.0918350260686505;1.1085289431759835;1.1251282942556016;1.1416338805702742;1.1580464943560809;1.1743669189491632;1.1905959289103556;1.2067342901477205;1.2227827600370402;1.2387420875403008;1.254440940248438;1.268532557870804;1.2822967231473257;1.2956225939939403;1.3085454013933682;1.321053533677928;1.333135945875923;1.344782166693663;1.3559823019442907;1.366802318225751;1.3770864715661677;1.3868983786388365;1.396230525588061;1.4050760261129185;1.4134286318910674;1.4212827358077835;1.4286333643648248;1.4354761562020089;1.441914394289154;1.447734179690935;1.4530362524114864;1.4578181515604365;1.4620776676747869;1.4658127222815331;1.4690212349223768;1.4717009794857614;1.4738494314827564;1.4765761519130058;1.4789683096634831;1.4807406826664384;1.4820287291634973;1.4818986140977466;1.480907857200639;1.479349382352265;1.477212510881348;1.4744846133135705;1.4711508829154614;1.4671941021694566;1.4625944041878016;1.4571383921693932;1.4511760877717772;1.44449271643524;1.4368478590239326;1.42861389853695;1.4193283010814637;1.4091533000499323;1.398039663042399;;;;
311.65;0.9800720426056068;0.9968744603263876;1.0135830493275702;1.0301985933638382;1.0467218674851373;1.063153638157189;1.079494663380008;1.0957456928044615;1.1119074678469074;1.12798072180195;1.1439661799533452;1.1598645596830983;1.1756765705787784;1.191402914539091;1.2070442858777413;1.2225758251923315;1.236477620787347;1.2500241469437985;1.2632542602764427;1.2760577660290016;1.2884712226238246;1.3004840158868585;1.3120860522273652;1.3232677620190167;1.334020101470956;1.344334556181903;1.3542806994755745;1.3636993613518662;1.3726578545998618;1.3811498725214764;1.3891696843431334;1.3967121344260889;1.4037726308362273;1.410347120709648;1.4164320506112709;1.4221321028221274;1.4272323087597365;1.4318346606440238;1.4359368932295549;1.4395368110364035;1.4426321627919805;1.4452205062983;1.4482204681948805;1.450892787982788;1.453245715020906;1.4550015674441477;1.4555586072702782;1.4551557382286189;1.4542139654099715;1.4527241221422114;1.4506753639484302;1.4480549642629144;1.4448481028099722;1.441037647761128;1.4366039337007084;1.4315245386423967;1.4255836894593823;1.4191280655440452;1.4117389089915608;1.403777910837367;1.3947959490080313;;;;;
312.15;0.9540520437245054;0.970485160875611;0.9868290907185346;1.0030845573565246;1.0192522770754178;1.0353329584488526;1.0513273024417862;1.0672360025123475;1.0830597447120622;1.0987992077844717;1.1144550632621826;1.130027975562376;1.1455186020807984;1.1609275932842693;1.1762555928017302;1.1915032375138597;1.205315332471338;1.218689335992491;1.231718211624708;1.2443908816536513;1.2567507154198965;1.268682632313301;1.2802278201989858;1.2913770392805686;1.3021215273026925;1.3124530005236057;1.3223636568931885;1.3318461823174983;1.3409731777845533;1.349582696829846;1.3577451603598645;1.3654552889921103;1.372708317362752;1.379499979614544;1.3858264824466164;1.391684464280681;1.3970709398433483;1.401983230176523;1.4065303410830825;1.4104902465667883;1.4139688830886952;1.4169638413919696;1.4202199480217512;1.4232836568545577;1.4260417154540683;1.4282314732683543;1.4294223179398338;1.4295667714995426;1.429199338517419;1.428312141547683;1.4268958676806678;1.424939584723881;1.4224305502801948;1.419354014224952;1.4156930157323215;1.411428176874678;1.4065374959753931;1.4008112898788765;1.3945860939485526;1.387455290666152;;;;;;
312.65;0.9288231818657766;0.94489220899902;0.9608764024343532;0.9767764322007608;0.9925929612897724;1.0083266457476143;1.0239781347659207;1.0395480707710207;1.05503708951184;1.070445820146431;1.085774885327163;1.1010249012845923;1.116196477910043;1.1312902188369085;1.1463067215207146;1.1612465773179486;1.174968459449448;1.1882034621262614;1.2010750260854894;1.2136117634808352;1.225803501473684;1.237640476359967;1.2491133502533092;1.2602729012977365;1.2709943014960423;1.2813262013373277;1.2912609974710214;1.300791524381918;1.309911060005407;1.3186133332499248;1.326892531645887;1.3347433067201704;1.3422477954596754;1.3492305794746375;1.3557716442253418;1.3618674158308752;1.367514691173331;1.3727105832008706;1.37745245304251;1.3817378295614255;1.3855643173546957;1.3890441872050705;1.3925380994634209;1.3959612505313093;1.3990918991075088;1.4016815754303598;1.4034542120318374;1.4041056817321584;1.4042705762092833;1.4039421018202227;1.403112242827653;1.4017715961145956;1.3999091993236668;1.3975123525274114;1.3945664339790085;1.3910547111114138;1.3869581487843443;1.382255217876099;1.3767422430544924;;;;;;;
313.15;0.90435229724467;0.9200665423507188;0.9357001510286882;0.9512537423595456;0.9667279291031624;0.9821233177787868;0.9974405087442856;1.0126800962741878;1.0278426686365405;1.042928808168604;1.0579390913514044;1.0728740888831665;1.0877343657516414;1.1025204813053542;1.1172329893237851;1.131872438086507;1.1454921339461044;1.1585030808283832;1.171209366131252;1.1836458653335418;1.1957158226895646;1.2074520537979028;1.2188455921881485;1.2298878641581734;1.240570692166708;1.250886294451705;1.260827283841257;1.2704542688560363;1.2796283412837737;1.288408025566259;1.2967875354717766;1.3047614989578702;1.312324961187698;1.3194733824544338;1.3262026287261506;1.3325089528499838;1.3384827233703949;1.343936274218361;1.348957635672355;1.3535441958502947;1.3576934637245537;1.3614029820117253;1.3653395448110084;1.3690975458110797;1.37245780479041;1.3754179060683551;1.377726284191166;1.3788496155115215;1.379510248452453;1.3797023063381364;1.3794188795990436;1.378651877240378;1.377391872401281;1.3756279418829769;1.3733474998029322;1.370536125953482;1.3671773900294166;1.3632526736737862;1.3587409933259778;;;;;;;
313.65;0.8805816021141373;0.8959458776472439;0.9112334596039257;0.9264449207994352;0.9415808283588062;0.956641743787334;0.9716282230400138;0.9865408165899489;1.001380069495751;1.0161465214679504;1.0308407069344276;1.0454631551048883;1.060014390034397;1.074494930685984;1.0889052909923411;1.103245979916626;1.1169574138572675;1.1298092527663492;1.1423771080698326;1.1546514521805211;1.1666230264838662;1.1782828812904105;1.1896725095792828;1.2006861191855709;1.2113632515212571;1.221696365152369;1.2316782784208595;1.2413021672932074;1.2505615645189696;1.2594503609630106;1.268034732126982;1.276168212965836;1.2839149568959671;1.2912703243449508;1.2982300454573052;1.3047902109024747;1.310947254411568;1.3166979256972653;1.3220392528907372;1.3270654564017057;1.3315828575142112;1.335683146993106;1.3396803587738415;1.3438152515733242;1.3475728729270642;1.350836481733643;1.3538297946758189;1.3557142080927516;1.3569260710060682;1.3576959361791292;1.3580181906719566;1.3578862731951942;1.357429218497792;1.3563682538783273;1.354826479120994;1.352792148846046;1.350251842310296;1.3470350858721978;1.343430905253351;;;;;;;
314.15;0.8566259173243822;0.8716340485324163;0.8865693775799781;0.901432432913662;0.916223737877984;0.930943810776808;0.9455931649338872;0.9601723087525345;0.9746817457744372;0.989121974737632;1.0034934896336485;1.0177967797638412;1.0320323297949223;1.0462006198137053;1.0603021253810745;1.074337317585195;1.0883066630939713;1.1015358350243467;1.1140604601187598;1.12632071996072;1.138307835658963;1.1500577542694632;1.1614756784661238;1.1725956156369874;1.1834098729869262;1.1939110832793003;1.204092208580157;1.2140064085122304;1.2235301646157866;1.2327146838615888;1.241554217348574;1.2500433333620162;1.2581769186970306;1.2659501812453302;1.273436913544077;1.2804790921108042;1.2871485166784369;1.2934416803373203;1.2993553767440058;1.3048866779626611;1.3100329035853249;1.3148884342367253;1.319259929243318;1.3232393597856902;1.3274545010462857;1.331522235324656;1.3352363293930394;1.3384812623078026;1.341362836343173;1.3430425022382226;1.3444349888091895;1.3452945634515667;1.3457359027050204;1.3457534778108409;1.3453408557810902;1.3444905815095165;1.3431940557558748;1.3414414089877138;1.3392213712794154;;;;;;;
