T_amb_C;0.0;0.02;0.04;0.06;0.08;0.1;0.12;0.14;0.16;0.18;0.2;0.22;0.24;0.26;0.28;0.3;0.32;0.34;0.36;0.38;0.4;0.42;0.44;0.46;0.48;0.5;0.52;0.54;0.56;0.58;0.6;0.62;0.64;0.66;0.68;0.7000000000000001;0.72;0.74;0.76;0.78;0.8;0.8200000000000001;0.84;0.86;0.88;0.9;0.92;0.94;0.96;0.98;1.0;1.02;1.04;1.06;1.08;1.1;1.12;1.14;1.16;1.18;1.2;1.22;1.24;1.26;1.28;1.3
5.0;6.213804456255457;6.2321559209225565;6.249836757293972;6.26688088140197;6.283320057827268;6.298762707609702;6.276601921145664;6.234512407425486;6.187795068260735;6.115672278768318;6.028621044159925;5.9323306824436015;5.827060344491479;5.71385894654728;5.593115146388092;5.4646469658474155;5.330610751577427;5.191058036928596;5.045691867901676;4.895694426977923;4.739076224323904;4.580618919903363;4.431589831303157;4.270151402934941;4.089963875734672;3.894805849181169;3.684951981910855;3.4729900672071765;3.2542796971519636;3.0207286662626207;2.7877343626076545;;;;;;;;;;;;;;;;;;;;;;;;;;;;;;;;;;;
5.5;6.051494994182249;6.071477015567502;6.090772157467175;6.109413840593911;6.127433415995232;6.144481835176503;6.127210270668163;6.0908168433448875;6.0495203298234195;5.984452760034569;5.90484529190176;5.81596441706392;5.718144890266898;5.612470272642358;5.499419247463846;5.378869923760583;5.252742628381284;5.121117635009737;4.983760806839747;4.841774238561496;4.693359633734943;4.542839370655834;4.400456319828255;4.246703563936573;4.075614003335445;3.890624367372086;3.6917441471511663;3.4903033297987736;3.2822156410978156;3.060240456657386;2.8380082451030155;;;;;;;;;;;;;;;;;;;;;;;;;;;;;;;;;;;
6.0;5.892908170469171;5.91442593982759;5.935242399099089;5.955390453296016;5.974901017680672;5.993465209465326;5.980826661647553;5.949857321328768;5.91373858198459;5.855413334685302;5.782937928145846;5.701173803794557;5.610524721407811;5.512102477658157;5.406463753238058;5.293545802794495;5.175048714304549;5.051079137017989;4.921461331163605;4.787220841190713;4.646740493893332;4.503907875789302;4.367994088522541;4.221693064013039;4.0593977991995684;3.884220965686886;3.695926987110754;3.5046562248441893;3.3068436184497347;3.0960524608770106;2.8842487193630686;;;;;;;;;;;;;;;;;;;;;;;;;;;;;;;;;;;
6.5;5.737989892551237;5.760950662834281;5.783197463769235;5.804762665231232;5.825676725405581;5.845668620473756;5.837412677619471;5.811601221905736;5.7804221442601555;5.72853272857104;5.662883793583418;5.587949162735981;5.5041951967839555;5.41275574531889;5.314253878234892;5.208685003443336;5.097544299043078;4.980962504375839;4.858817981485092;4.732063186657835;4.599252238755839;4.463861832559539;4.3342427439059525;4.195163161334065;4.041363800943281;3.8756506643581012;3.697562642037985;3.5161169947732045;3.328237801820163;3.1282457927582508;2.9265422618841805;;;;;;;;;;;;;;;;;;;;;;;;;;;;;;;;;;;
7.0;5.586686067863462;5.610999153719037;5.6345873330571346;5.6574824221225075;5.679714401691948;5.701047858199383;5.696929902119551;5.676015925604403;5.649543336166026;5.603789667542309;5.544667728905713;5.47628081398866;5.3991516752650694;5.314430259348772;5.222794836978512;5.124297926201288;5.020244672292728;4.910787698505779;4.795855298416053;4.676330226755125;4.5509283022792335;4.42273863822232;4.299241892498428;4.167157114069383;4.021560546182822;3.8649684836182643;3.696713252181225;3.5247538820155992;3.346472363821541;3.1569015661378623;2.9649753491627173;;;;;;;;;;;;;;;;;;;;;;;;;;;;;;;;;;;
7.5;5.438942603840862;5.464519381613316;5.48936198854231;5.513501669692787;5.536967909061765;5.559558712639792;5.559339918683429;5.543068812953381;5.521074477218111;5.481162877449632;5.428274574803966;5.366159077653064;5.29538951572089;5.217126203472016;5.132091843993081;5.040394971562536;4.943165123749354;4.840574680830295;4.7325978225683345;4.620050913274842;4.501802118420283;4.380575690033418;4.263031140819907;4.13771818038872;4.000036572534427;3.852229443699908;3.6934409577888405;3.530635129001154;3.361621477066311;3.182100894852602;2.9996344576950458;;;;;;;;;;;;;;;;;;;;;;;;;;;;;;;;;;;
8.0;5.2947054079184515;5.321459315648579;5.347471411804282;5.372772353665019;5.3973911100370255;5.421156973792568;5.424604310846741;5.412727264481278;5.394987886932316;5.360631084143533;5.313689171969414;5.257574273829661;5.192904077021154;5.120843761412835;5.042150113802762;4.956986540021261;4.866320943108813;4.770343412771879;4.6690700945537795;4.5632541980092505;4.451907121135756;4.337410385248607;4.225650095390327;4.106889618461807;3.9768404176143344;3.837488564835565;3.6878078991091976;3.5338289781596495;3.3737593141669144;3.203924892739225;3.030606063977533;2.8293480190477354;;;;;;;;;;;;;;;;;;;;;;;;;;;;;;;;;;
8.5;5.153920387531246;5.181766924956287;5.208865584422572;5.23524641976215;5.2609378671397184;5.2857984316553;5.29268466214512;5.284958660716708;5.2712558848245505;5.242173013474536;5.2008963610932915;5.150516722618923;5.091690718035601;5.025583116895444;4.95297486093172;4.874083032071646;4.789727420066962;4.70011385575302;4.605296654984235;4.50596903275061;4.401276744382421;4.293280121123658;4.187138362729625;4.074714686458371;3.952020619038783;3.8208008672577685;3.6798762163906624;3.5344036719208654;3.382960047735793;3.2224546736344877;3.057976644506545;2.8685604074621245;;;;;;;;;;;;;;;;;;;;;;;;;;;;;;;;;;
9.0;5.0165334501142596;5.045390178667902;5.073494487976701;5.100875813707128;5.127562042891837;5.153438876225573;5.163542556114203;5.15973038218828;5.149850790410724;5.125767391293165;5.089880982866834;5.044976744121316;4.991744797633967;4.931344453644057;4.864571299904117;4.791694848207876;4.713399844319655;4.629905971196207;4.541302044471543;4.448224369291183;4.349944422117046;4.248222294914347;4.147535549357741;4.041236642548143;3.9256257144240094;3.802221371199051;3.6697080498816015;3.532427452714582;3.3892978503853874;3.237771351375147;3.0818326757784487;2.9037728768019;;;;;;;;;;;;;;;;;;;;;;;;;;;;;;;;;;
9.5;4.882490503102508;4.912277045914882;4.941308104046191;4.969612481222898;4.997217499815372;5.024034097500975;5.037139576289626;5.037009809424605;5.030744923206745;5.011392943449945;4.98062787798128;4.94094465843731;4.893061674685988;4.838127955382886;4.776944645244119;4.7098323889241325;4.63735350556275;4.559739720523928;4.47711080362755;4.3900491594232305;4.2979435882964;4.202274303876447;4.106881261794613;4.006498744900851;3.8977042413862515;3.7818050968919446;3.6573655398303804;3.5279685629705804;3.39284689472814;3.249956039797958;3.1022606342896095;2.9350823104954786;2.770058699625766;;;;;;;;;;;;;;;;;;;;;;;;;;;;;;;;;
10.0;4.751737453931006;4.782375495828688;4.8122564142105615;4.8414083680324085;4.869858100432315;4.897539885479091;4.9134373062070225;4.916764322954295;4.913910602728522;4.899028395795398;4.873121887127863;4.838410785667374;4.795636708061405;4.745933805836145;4.690100111475887;4.628506054714598;4.561603693492103;4.489635065158675;4.4127474730641;4.331472354939015;4.2453076768772515;4.155473545265731;4.065215106560179;3.9705442516862237;3.8683047375417474;3.759607064568983;3.642910826485366;3.521095245118641;3.3936813533764925;3.2590898527396774;3.119346996536395;2.9625855919712754;2.8067968002617736;;;;;;;;;;;;;;;;;;;;;;;;;;;;;;;;;
10.5;4.62422021003477;4.655633497540782;4.686289400049336;4.716215419858607;4.7454377072646565;4.773912030157508;4.792397329402029;4.798961303305958;4.7993201484919625;4.788652474180049;4.767347850997821;4.737365445911978;4.699465256629953;4.65476218872805;4.604042913123587;4.547726246073457;4.486165697803568;4.419611966522934;4.34823659339304;4.272522907630797;4.192070121816368;4.107857416337973;4.022576690174376;3.933416421073991;3.8374757405067346;3.7356822944626984;3.626406050094924;3.511875741588543;3.391875398942886;3.2652539040370616;3.133178239015172;2.9863796046577056;2.8394676453011725;;;;;;;;;;;;;;;;;;;;;;;;;;;;;;;;;
11.0;4.499884678848813;4.531999020182623;4.563357043142036;4.593985582424439;4.62391018283439;4.653106321533811;4.6739812294102805;4.68356813100821;4.686945880012976;4.680243904454422;4.663290610282386;4.63779895927159;4.604542679261371;4.564613287782812;4.51877826471138;4.467503363494892;4.411054808193005;4.349690386039197;4.283602705226212;4.213229769290838;4.138264357070518;4.059463314348946;3.9790056191571446;3.8951585112338813;3.8052657878974507;3.7100858068056235;3.607913350907421;3.5003782948100675;3.3875032040397617;3.2685293075268658;3.143840838222306;3.006561231983185;2.868175499048842;2.710479867264335;;;;;;;;;;;;;;;;;;;;;;;;;;;;;;;;
11.5;4.378676767808152;4.411420032885672;4.443409325068179;4.474670801452852;4.505229389663506;4.53507854960559;4.558150589767413;4.570552186589657;4.576760116807471;4.573781412469042;4.560935005672799;4.53970164584668;4.510864334825394;4.475487286724647;4.4343113807634325;4.387847807473086;4.336286314356268;4.2798902851299525;4.218870349175463;4.153621891711401;4.083923816596472;4.010328636554424;3.9345415000284216;3.8558137803356236;3.7717234173301337;3.6828726218302914;3.587494869171223;3.486671147212995;3.380638941279562;3.268997177045847;3.151421270654165;3.02322735737613;2.8930246258096597;2.7455122827534097;;;;;;;;;;;;;;;;;;;;;;;;;;;;;;;;
12.0;4.260542384347799;4.293844504781388;4.32639622740729;4.3582230226667935;4.389349190273995;4.419784504370429;4.444866994009061;4.4598808505789105;4.4687351783913565;4.469243724074432;4.460265877860293;4.443063825737718;4.418425582191762;4.3873843692777665;4.350647475803905;4.308769978502221;4.261875505989213;4.2102316252176895;4.154064065852635;4.093728226684746;4.029081934350996;3.960490780210179;3.8892239393081454;3.8154254865489476;3.7368971664210213;3.6540977597692343;3.565212745134696;3.4708225412271054;3.3713567832747278;3.2667386264307607;3.1560060128071137;3.0364748642649557;2.9141192898885038;2.7763277126649837;2.6406198357723416;;;;;;;;;;;;;;;;;;;;;;;;;;;;;;;
12.5;4.145427435902773;4.179220405001234;4.212267731738891;4.24459419178921;4.276223447187849;4.307179975825916;4.33409202567086;4.351521503504584;4.3628433842805405;4.366609565121116;4.361268067536103;4.3478758190451705;4.327221780230213;4.300304719166385;4.267791764356964;4.230280277076481;4.187837672787698;4.140734367724898;4.089208395869576;4.033577726003135;3.9737721442908587;3.9099871425719868;3.8430925435162546;3.774036888043582;3.700835572786351;3.6238162408549854;3.541129119046207;3.4529007192821797;3.3597309026377005;3.261834769518363;3.15768154117752;3.0464006360780775;2.9315637555902523;2.8030414904369443;2.6753983012932707;;;;;;;;;;;;;;;;;;;;;;;;;;;;;;;
13.0;4.033277829908086;4.067495702676669;4.100973819642499;4.133736254543049;4.165806022927061;4.197220753969636;4.225787268288447;4.245441525895286;4.259057053990931;4.265857661459618;4.263926415391467;4.2541279458695085;4.237248287810481;4.214248520114716;4.185749460946772;4.15238910369005;4.114188104447577;4.071418474074066;4.02432787983813;3.9731993414588302;3.918027880372829;3.85885512089562;3.7961869191726865;3.7316912429892555;3.6635871740423602;3.5920830853200774;3.5153061311541207;3.4329739238079977;3.3458354719809225;3.254366720145411;3.1565343322617494;3.053101556243911;2.945462287219784;2.825768949507179;2.705853848222768;2.582819427370286;;;;;;;;;;;;;;;;;;;;;;;;;;;;;;
13.5;3.9240394737987554;3.958618366939155;3.9924644726976393;4.025601156651256;4.058050780013621;4.089862628799176;4.1199143053974545;4.141608298279628;4.157348507038437;4.166966738940463;4.16822576211762;4.1618105263112;4.148500463802307;4.129215955846974;4.104525780097491;4.07510685883711;4.040942090664707;4.0023039056876835;3.959447058370141;3.9126220248440924;3.8618825765536746;3.807132112436851;3.7485466727973806;3.6884318095556976;3.6252005078052876;3.558953313397043;3.487805921706805;3.4111103972343404;3.329744663916834;3.24441559214866;3.15265086255617;3.056674508190873;2.9559191490819767;2.8446254233135764;2.7321093952853803;2.6165231187088946;2.4908307947549675;;;;;;;;;;;;;;;;;;;;;;;;;;;;;
14.0;3.8176582750097934;3.852536366920149;3.886689672483831;3.920140843836781;3.95291158096952;3.985061390312123;4.0164347205335185;4.039989201186221;4.057690062938969;4.069915523414173;4.074150948405799;4.070913880470715;4.060973667075427;4.045207210087373;4.024125936333288;3.9984439430118437;3.968114921134945;3.933410623988241;3.894590472077454;3.8518747279511842;3.805369666790165;3.754855514451455;3.7002114109102746;3.6443018459126373;3.5857241116913703;3.5244819453184144;3.458690630952625;3.3873783819909873;3.311532651057878;3.232062499364866;3.1461176085571467;3.0572163753473776;2.9630386054817084;2.8597262452940226;2.754287861205654;2.645829145236629;2.5279693452155643;2.3993501246457867;;;;;;;;;;;;;;;;;;;;;;;;;;;;
14.5;3.7140801409762174;3.7491976717511157;3.783599400580597;3.8173072618225685;3.8503422883167504;3.882772828506063;3.9153100972322763;3.9405516151436752;3.9600540412084313;3.974682740731275;3.981686814947238;3.9814283284485223;3.974663256499578;3.9622224665601253;3.944555144178324;3.922410756708435;3.8957218855541464;3.864758590398226;3.8297826615719144;3.790986402572366;3.748522585039068;3.702062724195204;3.651220740031307;3.599344610229804;3.5452065233168457;3.488724001316725;3.428022399139947;3.3618461205077192;3.291273606016495;3.2173885556307855;3.137021046761047;3.054824041141842;2.9669249207238577;2.8711867488864065;2.7725121647081363;2.670867966977373;2.5604904368455808;2.440353002804583;;;;;;;;;;;;;;;;;;;;;;;;;;;;
15.0;3.613250979133042;3.6485502505635123;3.683143638567458;3.717052356331566;3.7502967645773033;3.7829527333785826;3.81650201902936;3.843262920680603;3.864412761362736;3.8812471167422897;3.8908182024331746;3.893344190345091;3.8895645909444987;3.8802619089894455;3.8658186181567635;3.8470177004210666;3.8237782736181676;3.7963677663401287;3.765048167465366;3.7299860004998995;3.6913747652571516;3.6487911389238725;3.601614266680415;3.5536033606769255;3.503696280297952;3.4517345016245073;3.3958633665171383;3.3345818552143163;3.2690417014051265;3.2004748747831746;3.125447653664237;3.0495943890026798;2.9676823591133026;2.879122267528615;2.7869052245173735;2.6917700439550134;2.5885330857812114;2.4764742413880376;2.377940758354452;;;;;;;;;;;;;;;;;;;;;;;;;;;
15.5;3.515116696915282;3.5505420724888017;3.585272368023934;3.61932807308672;3.65272887227317;3.6855568949272692;3.7199720694604084;3.748090498325614;3.7707385429177904;3.7895873772977433;3.8015299515548433;3.80665178626089;3.805673029279926;3.7993257210995472;3.7879215727927695;3.772275174643921;3.7522993750228655;3.7282581132364383;3.7004115303696548;3.668902473526047;3.633959641401185;3.5950781558932334;3.5514315973775386;3.507121355423732;3.461241920250927;3.413568466474294;3.362275673332564;3.3056538285405592;3.244911109836215;3.181402570658789;3.1114839057630834;3.0416243023583087;2.9654151849549217;2.883648134658536;2.7975899593579125;2.7086658361934326;2.612236308158651;2.507863224258345;2.414321014419058;2.3087997905336715;;;;;;;;;;;;;;;;;;;;;;;;;;
16.0;3.419623201757952;3.455121106658443;3.489935570529548;3.5240863578109787;3.557592473926343;3.590541103149709;3.6256818320610558;3.655001728607319;3.679003705389504;3.699682248248159;3.713806903003481;3.7213414362963886;3.7229839303755976;3.719414086614644;3.7108692226105062;3.6981935798711816;3.6813004794640944;3.6604495925096443;3.635897290896625;3.607764773443069;3.5763106474279356;3.5409611723590606;3.5007123386426144;3.459941852639952;3.4178919807920085;3.374280916098618;3.32732145983459;3.275130282916228;3.218956003922201;3.1602527570943852;3.095216279553953;3.0310106646371433;2.960227662553593;2.884879683714057;2.8046892879543;2.7216858037165164;2.6317391201140943;2.5346693352777003;2.445964599896607;2.3465493317682573;2.2459452310121857;;;;;;;;;;;;;;;;;;;;;;;;;
16.5;3.326716401096067;3.3622353222038965;3.3970832276638205;3.431279156227289;3.4648414320588117;3.497861148043488;3.5335928903669362;3.5639639920543296;3.5891805682937834;3.611510455444061;3.6276338974703233;3.637403460552056;3.641492653101251;3.6405271892589495;3.634666782134137;3.624783316597032;3.6107968766377128;3.592962165582236;3.571529989658121;3.5466018520432283;3.518461217294173;3.486477585577127;3.449496096995582;3.4121081104953155;3.3736949995374337;3.333926870730012;3.2910628662715835;3.243079460771103;3.1912505562755267;3.1371065479267197;3.0767312515332117;3.017850359267599;2.9522240562141944;2.882932248133066;2.808326129031083;2.7309604065481494;2.6471805377837363;2.557041958308298;2.4730230115524785;2.3794725670329258;2.2842254427221227;;;;;;;;;;;;;;;;;;;;;;;;;
17.0;3.236342202364643;3.271832688256623;3.3066653210062738;3.340858414058596;3.3744296091925703;3.407472819606192;3.4436668279136855;3.4749446691952555;3.501241451146539;3.5250507247359737;3.5429957756466055;3.554828179128361;3.561194556326623;3.5626652127566776;3.559319465887826;3.5520547853156543;3.540803856239575;3.5258157938767023;3.5073341672659892;3.4854426611187863;3.4604447849566644;3.431664792803207;3.397822478956379;3.36366338715955;3.32869951410344;3.2925613506010083;3.25356203289191;3.209569604534965;3.1618689395086332;3.1120450569925477;3.056115298197226;3.0022402696780923;2.9415086302416045;2.87792116135345;2.808623401312808;2.7366201047122165;2.6586995773037705;2.575130477212334;2.4956477461520503;2.4077261061998994;2.31765618936751;2.2481670611668663;;;;;;;;;;;;;;;;;;;;;;;;
17.5;3.148446512998696;3.1838611739480838;3.2186318321364276;3.2527760770278498;3.2863108678496076;3.3193319078354095;3.3558652282369392;3.3879111405587086;3.4151586734636794;3.440281781974421;3.459877378223565;3.473605912125773;3.4820849989214517;3.485828340832042;3.4848324883957362;3.480018386521232;3.471336707965539;3.4590304388155326;3.443334364332072;3.424316152462003;3.402294784372179;3.3765601912930734;3.3457310910449434;3.3146509408023856;3.2829540621062665;3.2502393759441404;3.214881099943936;3.1746689566375936;3.1308853262339627;3.0851493981286264;3.0334548960423637;2.984277279297038;2.928185648940701;2.869961756813098;2.805704023524021;2.7387953582326023;2.666435254810393;2.589084275852002;2.5139903004607005;2.431466559141398;2.3463969561839852;2.2779841060139483;;;;;;;;;;;;;;;;;;;;;;;;
18.0;3.0629752404332367;3.0982687484097378;3.1329327426338045;3.1669840908579943;3.2004390705519175;3.233394202728725;3.270149674872334;3.3028307866733;3.330904554761111;3.357182353009925;3.3782635458924366;3.393726979644761;3.4041593397554744;3.4100167572092563;3.411211064182032;3.408684520707949;3.402410721511459;3.3926260618212165;3.379555121468217;3.363251277865142;3.3440446494974845;3.3212011783025;3.2932615397812137;3.2651140295935512;3.2365071811621497;3.20701596699194;3.1750822076760277;3.13844575950877;3.0983738890639554;3.0565006851717107;3.0088365215649904;2.9640582715528523;2.9123593766163633;2.859169367949896;2.799690914389269;2.737616627133192;2.6705265864397987;2.5990527380894966;2.528202171243807;2.450850535729647;2.370607228407183;2.303443723326335;2.2485942140939654;;;;;;;;;;;;;;;;;;;;;;;
18.5;2.9798742921032852;3.015003380773047;3.0495180340779244;3.0834344012719797;3.1167680798214894;3.1496154942837267;3.186481751355503;3.219670988067639;3.2484514145547454;3.2757311636930133;3.298139119344457;3.315181701785794;3.3274129376984294;3.3352306456125342;3.3384604077708757;3.338063588369987;3.3340411865731934;3.3266226243162436;3.3160209792862667;3.302276989120464;3.2857278142893502;3.26562515108726;3.2404534316851286;3.2150959117027758;3.189407408887328;3.162946143976941;3.134227496336551;3.1009682555782745;3.0644088006110546;3.0261800319585577;2.982346651261473;2.941680129873951;2.8941340775734687;2.8456593282017324;2.7907069926331;2.7332143714378696;2.6711125883281825;2.6051852477870145;2.538434855266747;2.466034645836865;2.3904464912727392;2.3246949769820673;2.269001606930754;2.197314253168217;;;;;;;;;;;;;;;;;;;;;;
19.0;2.8990895754438544;2.9340130401694715;2.9683376880483108;3.0020789539927497;3.0352517581803156;3.067951572498;3.1048230412220823;3.138399125270338;3.167771572360489;3.1959069398742077;3.2194889392708603;3.237960398649341;3.2518411516200527;3.261470189766089;3.2665857336864317;3.2681659900015294;3.266243392846597;3.261040087723102;3.2527564783980676;3.24142223802023;3.227377712704543;3.209869506903127;3.1873463732766254;3.1646398452997877;3.1417032828980394;3.1180849271316755;3.092379106173873;3.0623046872758866;3.0290642334877003;2.9942685523259236;2.9540717616281773;2.9172397376887487;2.8736140161168944;2.8295469710064958;2.7788751769800593;2.72571905117052;2.6683322766117383;2.607631188806749;2.544839849294899;2.477175499335274;2.4060742300162894;2.3418869308591916;2.285697820599535;2.216552491692148;;;;;;;;;;;;;;;;;;;;;;
19.5;2.8205669978899586;2.8552456957304715;2.8893416861244825;2.9228696947432535;2.955843968150387;2.9883582273691314;3.025135128007708;3.0589825788100065;3.088837347694251;3.1176884074040325;3.142297846362884;3.1620533903358714;3.1774393403900834;3.1887355733941356;3.1955922564528634;3.19900212609676;3.199032630027526;3.1958984134642825;3.1897861594154633;3.180715976356703;3.1690277786998333;3.1539716430058746;3.1339799710756435;3.1137890885543174;3.093443340810521;3.072487336688676;3.049599177436359;3.022523297031387;2.9924143603063347;2.9608473601105634;2.9240983291614704;2.890833978425662;2.8509034565515203;2.810947629802071;2.7643183861546947;2.7152611263550277;2.6623246674266623;2.606539945010894;2.547568650093641;2.4844297060970963;2.417649929873473;2.355168648835749;2.298814025760219;2.2322367444917135;2.1997931376351976;;;;;;;;;;;;;;;;;;;;;
20.0;2.744252466876614;2.778649316587508;2.812480009885963;2.8457585692464376;2.8784985722536964;2.91079124889471;2.947379595248015;2.981388729215257;3.0116210600719393;3.041054292133011;3.066550681311764;3.0874509969458543;3.1042028628782585;3.1170269802208868;3.1254851905943353;3.1305823971498605;3.1324241878118375;3.131217562962273;3.1271345629502987;3.120187155922143;3.1107114462319876;3.0979689566512763;3.0803938316021204;3.0625868996360928;3.0446761202410095;3.0262083928804757;3.0059498503723754;2.981692327274557;2.9545333536794;2.9259975691492337;2.8925128303577186;2.8625597355131074;2.826106663182225;2.789976638026349;2.747159538881552;2.701971057015278;2.653228776909148;2.602060900261647;2.5467727544283507;2.487953875994553;2.4253330760799243;2.3646891947897806;2.308481393072719;2.244493458578907;2.2093320908635037;2.1636247879166963;;;;;;;;;;;;;;;;;;;;
20.5;2.670091889838835;2.7041718718720382;2.7377026409122722;2.77069752322525;2.8031694330122345;2.8352064270723174;2.871518026478638;2.905584957014698;2.936095029009464;2.9659833199116683;2.992232284808736;3.0141435385797584;3.032127077954314;3.0463445939705562;3.0562697506350096;3.0629172036550143;3.066433355895387;3.0670174976395637;3.06482622961442;3.059864728508812;3.0524621492577753;3.0418988450951057;3.0266275613759945;3.0110765367148433;2.9954501588057445;2.979303115939607;2.9614932652302888;2.9398800204351754;2.9154953862193365;2.889800293278692;2.8594017417132886;2.832513892379498;2.7993279003138847;2.7667493291172156;2.727521553885178;2.6859793031751558;2.641183621195389;2.5943434384212005;2.5426036590644063;2.487904618899868;2.429283153871278;2.3705976325993343;2.3148310931969416;2.2534490809657153;2.2160512322496038;2.1704291658233092;2.1095655081947884;;;;;;;;;;;;;;;;;;;
21.0;2.5980311742116378;2.631761330715528;2.6649595607829326;2.6976385024026346;2.729810412947992;2.761559551899545;2.7975120052352134;2.831538642736943;2.862231574022733;2.8924542165905276;2.9193274975450354;2.9421213353380535;2.96120734448799;2.976688598367358;2.987951151099051;2.9960169461064057;3.0010754239740303;3.0033181789186445;3.0028857000196707;2.9997776459089724;2.9943133217339644;2.985798705593136;2.972720766917204;2.959301257960298;2.9458139941209636;2.931826526098603;2.916291562258465;2.897154618943024;2.8753746305385857;2.8523366463356923;2.824851539724547;2.8007933324532512;2.7706714322513797;2.7413810365125584;2.70552734989012;2.6674163248585447;2.6263282164215846;2.5835369433517514;2.535212860767186;2.48443854468526;2.4296596484831707;2.3730430261424478;2.3179942967928024;2.259230058664127;2.2200535593589206;2.174712776597493;2.115863004032313;2.0692838004794103;1.970620332513528;;;;;;;;;;;;;;;;;
21.5;2.528016227430035;2.561365662249435;2.594200751077464;2.6265334525015414;2.6583753745829632;2.689806413373976;2.725323115053375;2.7592171669106005;2.7900030146276533;2.820445708020114;2.8478211602118986;2.871374707321208;2.8914390213490213;2.908059177135506;2.9205346065106226;2.9298920249982165;2.9363656817436246;2.940139568222003;2.9413375147778957;2.939954859914885;2.936298397617324;2.9297059354011403;2.9187130547456874;2.907304321542186;2.8958161638029027;2.883833643589996;2.87040688170527;2.853584365227882;2.83424525924959;2.813687742156992;2.78894870088786;2.7674949391627823;2.740241523299586;2.7139870936502652;2.681299845620924;2.6464125820893307;2.6088015787239245;2.5697907989154927;2.524751856302066;2.4777122632229527;2.426622045151237;2.3721744392971664;2.318102174520213;2.2619628386861357;2.221442069756875;2.1765676539213277;2.1197761791619456;2.0732446793087798;1.9812517519147272;1.9192374587100312;1.842524999296454;;;;;;;;;;;;;;;
22.0;2.459992956929046;2.4929328356052185;2.525376193375388;2.557334319244915;2.5888181804391346;2.6199028014931987;2.65491293946876;2.6885879100642835;2.7193816703401366;2.7499365200509507;2.777698113500561;2.8018939746296923;2.8228174674071473;2.840456513999213;2.854025331393888;2.8645528408246297;2.8723194189000263;2.8775016269721303;2.88020621450094;2.8804253223188114;2.878450810864621;2.873657931774893;2.864644031381383;2.855128985630236;2.8455052054678016;2.8353794886463195;2.82390136381907;2.809237501719531;2.7921814449647906;2.773934694579347;2.7517797016995953;2.732715595936508;2.7081424377633834;2.6846828339682247;2.6549619598021366;2.623098534891397;2.5887427242386076;2.553254388974621;2.5113721424344257;2.467882384385167;2.420329829111116;2.368140935941535;2.3152858970390806;2.261773868043728;2.2203197610088905;2.176085831476891;2.1213917262434183;2.075127203002225;1.9894740770188548;1.92960102162498;1.8567944712375613;1.7633307337658195;1.652542722683159;;;;;;;;;;;;;
22.5;2.3939072701436803;2.4264108199143415;2.4584358692562285;2.4899930483557045;2.5210926930385025;2.5518045062547987;2.5862430620170027;2.6196182527266005;2.6503398606760875;2.680905378533563;2.7089431981022587;2.7336694573639724;2.755338041532105;2.773880792682694;2.7884285402730113;2.800009794079829;2.8089519251390906;2.8154243165915145;2.8195163398006486;2.8212179849130132;2.8208039954326254;2.817692091970167;2.810553303344228;2.802818508394178;2.794929656731897;2.7865190815001055;2.776837148848232;2.7641822708477495;2.749257360296629;2.7331586174395133;2.713431018656118;2.696552186202842;2.6744784399476496;2.653583590904323;2.6266366111583053;2.5976046432886295;2.566290669101826;2.5340770973913296;2.4952252159296444;2.455105518044125;2.410942485598444;2.3610915799535923;2.3096766350093194;2.258789593748894;2.216789630680389;2.1733593429462603;2.120796337936465;2.0750051821202264;1.9953704424861511;1.9376740525393128;1.8686592682790937;1.781478956158585;1.678961444045246;1.567272086396322;1.483221901936191;;;;;;;;;;;
23.0;2.329705074508957;2.3617475843082634;2.393329760299502;2.424461585556857;2.4551527749030555;2.4854673176563633;2.519275066233739;2.5522755754261652;2.582849905151419;2.6133310093184727;2.641541254708229;2.6666914756245212;2.6889961025936326;2.7083321969101615;2.723749447672156;2.736273285257998;2.7462784901566737;2.7539275985026457;2.7592924312888667;2.762361799489753;2.763391385278105;2.7618458132427364;2.7564804771541622;2.75041614800374;2.744138055211427;2.737307442383887;2.7292763770411215;2.7184869150423197;2.7055471778575475;2.691440624574247;2.673989128253795;2.6591015933902007;2.6393537941572633;2.6208046978964483;2.596446718413977;2.570061367304912;2.5415844294497747;2.5124083080278132;2.4764625735530963;2.439538274072048;2.3986194998488535;2.3511754352113843;2.30140555909084;2.253136462813624;2.210954676336791;2.1684802220115147;2.1180767069008173;2.07295242722327;1.9990239829768606;1.943534452406793;1.8781983341758557;1.7969801645635561;1.7022507361235686;1.5990359480309566;1.5190468592403077;1.439527642331397;1.3557245698201754;;;;;;;;;
23.5;2.2673322774598885;2.2988910979184443;2.330007848084734;2.360691876571318;2.3909522885547867;2.420847025695478;2.4539705356546024;2.486527258691586;2.5168841232820354;2.5471921382562046;2.575477124009705;2.6009503495118063;2.6237870094614655;2.643810910405829;2.659993268115485;2.6733537148533175;2.684314403648633;2.6930314341280117;2.699559029577439;2.7038857178412905;2.7062464143578273;2.7061564928483737;2.7024651593311226;2.6979651626286514;2.693178938522628;2.6877995915301964;2.681281188646105;2.6722196767330213;2.661125070259986;2.648861829820304;2.633540506988993;2.620460700927001;2.6028727646971026;2.5864614883824895;2.564515200293698;2.540599166964131;2.514763021418651;2.4883974047462676;2.455235712070163;2.4213372623411593;2.3835203570979835;2.3385415655929536;2.2906038399435538;2.244940922249907;2.2029178955435205;2.1615405023547325;2.113319525796208;2.069042748871837;2.000517833151227;1.9472601221811896;1.8854906126826543;1.8099229913349903;1.7225154895636994;1.627271923758796;1.5512544819412275;1.4753526419368361;1.3954654065693646;1.3239294991490578;1.273529337901814;;;;;;;
24.0;2.2067347864314932;2.2377893298763443;2.2684201141914437;2.2986358671220346;2.3284450965156864;2.3578994203697317;2.3902910538152318;2.422340683051475;2.4524148345838483;2.4824674911972835;2.510735646697925;2.5364363991262957;2.559706121005344;2.5803171168939114;2.597165216127162;2.611261483359973;2.6230749553108232;2.632755784890104;2.640340675278209;2.6458186917598887;2.6494025166285624;2.650661528042853;2.6485469563950486;2.645508810438641;2.64210084428174;2.6380505491715667;2.6329137239115488;2.6254487983496335;2.6160652101163873;2.6055033470144418;2.592171631358079;2.5807263922416563;2.5651396158720434;2.550669295800332;2.5309649755220147;2.509348502290171;2.485965461144647;2.462193771408888;2.4316961282462204;2.400659092723679;2.365804542581468;2.323339034976342;2.2774026482273717;2.234329419069733;2.192782285865999;2.1526322176579904;2.106611487282371;2.063349957626408;1.999935127669492;1.9489289628162672;1.8906150475542947;1.8203960688271508;1.7398605950112058;1.6521021812836443;1.579965841841168;1.5076265061409009;1.431577500623864;1.3622225437778397;1.3104836998636333;1.3131585883760224;1.3606422868671322;;;;;
24.5;2.147858508858783;2.178390249313426;2.2085165401991533;2.238245502931955;2.267585061307746;2.296580291676708;2.328198204251259;2.3596832290344425;2.3894143585727656;2.4191357939922336;2.447301663464124;2.4731399445684596;2.4967487960950017;2.5178510000986227;2.5352705062313525;2.5500069912721464;2.5625754348391014;2.5731206122114108;2.581661909003023;2.588189673037808;2.5928931260470773;2.5953983160819476;2.5947654748658775;2.593090349603438;2.590952310104999;2.5881153355405306;2.5842361230858186;2.578242522321939;2.570441770039193;2.5614462899934147;2.549968977857419;2.5399955507625833;2.526258611986968;2.513543453587865;2.495918962823473;2.476439833306915;2.455330764763959;2.4339467918778688;2.4059953188466476;2.377660375091828;2.3456315415349445;2.3057169072395944;2.2619331546022057;2.2214284002850913;2.180650844869648;2.1418474016033673;2.0980392840190385;2.055947864047469;1.997359001191898;1.9486188752657916;1.893650582545583;1.8284880293942933;1.7543909431116598;1.673648888309299;1.6053020107423466;1.5364677255131634;1.4641778275914872;1.3970929101741412;1.3444481714073042;1.334465975208089;1.3618517623791204;;;;;
25.0;2.090649352176774;2.1206418253611474;2.1502471076873837;2.1794727297240257;2.2083260454529583;2.236845429613995;2.2676535704983207;2.2985222771690994;2.327855014764693;2.357175772491577;2.3851600149995384;2.4110513059387664;2.4349103936001812;2.456412743744175;2.4743143529522174;2.4896006390840197;2.502831131929324;2.514145877514421;2.523547271363726;2.531027613467311;2.536751676570141;2.5404042542214316;2.5411603212635483;2.5407530382927717;2.5397818736086437;2.5380489708696214;2.5353105264172817;2.530669091079716;2.5243289226408434;2.5167717725939793;2.5070190229833784;2.498365059918198;2.4863340173467523;2.475199295182976;2.4595000809226226;2.4420036200382484;2.4229979484127826;2.403805850015404;2.378284780636821;2.3524977193178302;2.3231608391940486;2.2858242462607516;2.2443265297279664;2.206364312907971;2.166626570119889;2.1292780878729425;2.0876896086659427;2.0469102786955;1.9928725883786886;1.9464077604835293;1.8946761614113243;1.8342875053906775;1.7662114245106304;1.692034212539565;1.6273840604469818;1.5619947906231948;1.4933833630800457;1.4286481559337787;1.3755049218186075;1.3548103397091102;1.364841907767719;;;;;
25.5;2.0350532238204817;2.064492027150971;2.0935617982356556;2.122269493221193;2.150621911473314;2.178650624179178;2.2086187360920526;2.238825207984056;2.2677091226755444;2.2965661525458403;2.3242955419954034;2.350160803337686;2.3741862723906157;2.3960025315547835;2.4143019708139217;2.4300528272897783;2.443857336277347;2.4558515422216245;2.4660213029721616;2.4743614648406593;2.481011602154521;2.485716739717078;2.4877711021079985;2.4885401346763714;2.4886380724089108;2.487906475391371;2.4861990741543027;2.4827967470527463;2.4778008405337815;2.4715609086528922;2.4634082432323265;2.4559318031369157;2.4454700962562748;2.435752154023553;2.4218312485440063;2.406170322508055;2.3891060282273084;2.371920329683688;2.3487160103821205;2.325327735273906;2.298551920794415;2.2638101159178574;2.224713944264563;2.1892636039503626;2.150812459182147;2.115016310148793;2.075649153882817;2.0363110121309846;1.9865590238901074;1.942373519423246;1.893770727906325;1.8378831291705637;1.775426929853686;1.707380321678242;1.646333062757293;1.5843261920405647;1.5193110826973495;1.456995838652567;1.4037361203833196;1.3741531650669256;1.369409706546195;;;;;
26.0;1.9810160312249208;2.0098888238143555;2.0384105934234933;2.0665877391464047;2.094426521890804;2.121951665369844;2.1510552845680895;2.1805594020079244;2.2089490018212246;2.237285660005546;2.264693085142955;2.2904587568656876;2.3145717913360446;2.336620547254661;2.3552385743406283;2.371373956383603;2.385669337579026;2.3982575677555107;2.4091085444401754;2.4182201789501137;2.425706336756987;2.43137316982466;2.434637423919167;2.436494896923965;2.4375694441220395;2.4377428693383125;2.436963906545249;2.43469373267081;2.4309316963304477;2.4258948120069097;2.4192231151006274;2.4127926638471537;2.4037711130204142;2.3953173635474805;2.3830353844121737;2.369070400740222;2.353794020343736;2.3384396147449187;2.317440504847921;2.2963070328322774;2.271964271571681;2.2398235800889554;2.2032265688719104;2.170252720424258;2.1333115096218394;2.099154102112999;2.0620046123293942;2.024223874914405;1.9785014423863956;1.936594053038709;1.8910132257853927;1.8393635330882114;1.7821423497863966;1.7198093834291317;1.6622700894754985;1.603580420334846;1.5420779620512137;1.4822435159263234;1.429223936387217;1.3924559344693757;1.3753521422278192;1.3575437422567447;;;;
26.5;1.9284836818251065;1.9567801844827626;1.9847434748304131;2.0123794132226074;2.0396937392274204;2.0667043431835816;2.094924799462068;2.1236922397693148;2.151546971717642;2.1793130207212172;2.206337485133429;2.2319354866232404;2.2560623093062047;2.278266974568022;2.2971293780565025;2.313574426859679;2.3282824255302184;2.3413839155385685;2.352833536379612;2.3626327075879363;2.3708693143343065;2.377410941799951;2.381798893216992;2.3846605832052825;2.3866245263642663;2.3876131729429786;2.387667163838486;2.3864282903636864;2.3837956626432844;2.3798545964927866;2.374550115084649;2.3690445254773245;2.3613413319440473;2.3540102571926513;2.343235407251671;2.3308343147586306;2.3172009408982577;2.303513089061289;2.2846097607996048;2.2655922218651656;2.2435573767614847;2.2140137026520885;2.179995574209916;2.1494581093416403;2.114226719004393;2.0817834974476357;2.046842676665407;2.0107226776062435;1.968782978527797;1.9291472622836836;1.8864825988033282;1.838817349497881;1.7864625749543332;1.7294435654960374;1.6753162124038132;1.6198759660756084;1.5618009767494474;1.5044987453508654;1.4520505391160778;1.4096801311042997;1.3824661983258588;1.356380689633598;;;;
27.0;1.8774020830560536;1.9051140782876512;1.9325104240359403;1.9595964611727483;1.9863774260051539;2.012864447617975;2.040188864309621;2.068191101796839;2.095475351880707;2.1226269605433803;2.1492135826580627;2.174581312710812;2.1986531851708344;2.2209419972190787;2.239979596485706;2.256664639212187;2.271711889826779;2.2852505469932876;2.297220819402316;2.3076280025463882;2.3165339688432485;2.323867452898726;2.329295116521411;2.333080451690053;2.335851856751829;2.3375724064379018;2.3383709862823805;2.338068662561157;2.336466912084732;2.3335213759472806;2.3294757196807576;2.324784271455845;2.3182850173320544;2.3119461683969487;2.302554235787044;2.2915925245871716;2.2794658060270683;2.2672901364949936;2.2503752750025443;2.233339912244795;2.2134907215994564;2.1865295474852977;2.155152130938494;2.127006217714506;2.093661084895228;2.062996529834783;2.0302500395505865;1.9958812307669846;1.9574867669745553;1.9201110481119357;1.880257790714944;1.8363332107538275;1.788492496003065;1.7364050355827585;1.6855925033444583;1.6333313198324229;1.5785971023998613;1.5238690845220066;1.4722980978556794;1.4257872381595382;1.390548858353589;1.357863461629135;;;;
27.5;1.8277171423527774;1.854838474360485;1.8816614226195956;1.908190828719774;1.9344314447459965;1.9603877686706106;1.9868090626463868;2.014023368619106;2.0407064618263275;2.0672062053225586;2.093306218408091;2.1183865552288728;2.1423397777996716;2.164645798932045;2.1837944441524035;2.200654993935312;2.215973020164566;2.2298774235421566;2.242294934120133;2.2532350156177317;2.2627337342405807;2.2707801003767565;2.2771657003523624;2.281797760548005;2.2852999729009658;2.287675590055615;2.289137514125298;2.289683091693001;2.289019617267234;2.286976264207147;2.2840864053853194;2.280108785211132;2.2747064334893103;2.2692404305982627;2.26111478874284;2.2514754902497227;2.240727631866365;2.2299201409082277;2.2148885442221244;2.199706713843383;2.1819237913212377;2.1575201784666302;2.128827409717556;2.1030234925548412;2.0717176048597663;2.042885232956519;2.0123133936446695;1.9797733449571087;1.9446959423869115;1.9095633114772324;1.872417745275039;1.831999749210314;1.7883370035781603;1.740815961393099;1.6932200340996513;1.6440649721748635;1.592583314610267;1.5404620910355673;1.4900487818917965;1.440738738822931;1.3993971058242733;1.361655857720363;1.3078195262762318;;;
28.0;1.7793747671502924;1.8059013418327208;1.8321464521608979;1.8581144615866325;1.8838096579719403;1.9092300963390771;1.9347469780079969;1.961156420764727;1.9872126210704115;2.0130294809092746;2.0386002330747486;2.0633415342778907;2.087117446062451;2.109378563431137;2.1285791355807584;2.1455558915232364;2.1610811062394335;2.1752845066076656;2.188080421144907;2.1994826985942275;2.209502044483072;2.2181862814898166;2.225450251229786;2.230855767948868;2.235017412427914;2.2379777440286515;2.2400288876156056;2.2413398201890002;2.24152795080323;2.240300375109143;2.2384686486947007;2.2351149501716003;2.230709844720697;2.2260083772344794;2.2190399848436058;2.210613671770174;2.2011254345523383;2.1915524861631863;2.178301065223717;2.1648492365331564;2.1490160711624644;2.1271346594741245;2.1011525812070095;2.0776363808746354;2.048499276463429;2.0215416404949207;1.993119431607384;1.9624728307370989;1.93049363942511;1.89758195333334;1.8630414062384264;1.825905597221598;1.78610098832519;1.742798510630858;1.6983198764716105;1.652195413672497;1.603876588988478;1.5543853224873612;1.5053847605102089;1.4544961162823173;1.4088079242511862;1.3674216773843;1.3180656541414617;;;
28.5;1.7323208648836141;1.758250649835821;1.7839154942393716;1.8093193054962704;1.8344659282049767;1.8593472206209585;1.8839641939300913;1.9095576387623145;1.9349661491288694;1.9600755131540541;1.985080467349273;2.0094365699583374;2.0329815488289134;2.0551404744405666;2.0743388852949343;2.091377732470143;2.107051437747238;2.1214917576123042;2.1346018210884834;2.1464000032681376;2.1568723335274904;2.166123393493681;2.174188375673618;2.1802977320623707;2.1850527129489117;2.1885338885895433;2.19110724700167;2.193107090478934;2.1940660853051623;2.1935748224900227;2.1927089261052686;2.189899649765665;2.186399515331092;2.1823653417434894;2.176452742813888;2.1691375291724055;2.1607982302211886;2.152336556122063;2.1407643347727037;2.1289240901863313;2.1149270463587686;2.095522054385825;2.0722588160667694;2.0509713296858796;2.0241090972716376;1.9990577861320684;1.9727548460984667;1.944053498667439;1.9149629927493939;1.8842448746340232;1.852207717359906;1.818139387141942;1.781889340889725;1.7424748509998365;1.7010131022625519;1.6578411348948965;1.6125939011423034;1.5657463364732056;1.5183882029966949;1.467020853725538;1.4185782971475955;1.374824720097953;1.329306435131592;;;
29.0;1.686501342987759;1.711834367501246;1.7369185304345365;1.761757306171634;1.7863541179670959;1.8106949315138428;1.8344222939483013;1.859194403140478;1.8839393655176062;1.9083230279074188;1.9327317619228994;1.9566619823706795;1.9799274449687951;2.001931715684547;2.021078907819094;2.0381309172702142;2.0538993043838376;2.068519137978561;2.081883674562707;2.0940158814317242;2.1048780353306045;2.114628833644121;2.123419680203798;2.130166911058242;2.1354544120801964;2.1393990439708226;2.142434732531856;2.1450531449925836;2.1467081933854724;2.1468807201865436;2.14689371411339;2.144559767421743;2.1418797096253694;2.138426657563176;2.1334759813782345;2.127177522480305;2.1198850350091067;2.1124217346470524;2.10242984963446;2.092087884675134;2.0798162021457904;2.0628314270797765;2.0422772849567448;2.0231547860005636;1.9986500648498176;1.9755257035500389;1.9513063297776478;1.9245891593086102;1.8981871370200039;1.869629976333048;1.839995622394285;1.8087897513256008;1.7758069519173318;1.7399671502038387;1.7014207832746955;1.661120626411634;1.6188522266795582;1.574652690588917;1.5291412786370282;1.4782744343404322;1.428505208026773;1.3835287853383438;1.3412666640299094;1.28898470143654;;
29.5;1.6418621088977394;1.6666004639604566;1.6911055423259125;1.71538040933567;1.739428089780291;1.7632290190153164;1.7860828615982642;1.810034094427829;1.8341045897525339;1.8577507510198954;1.881538957486864;1.9050080916153878;1.9279504933518323;1.9497524708872929;1.9688044176774033;1.9858258464176348;2.0016399958450863;2.016386609128925;2.0299505221794223;2.0423592848772483;2.0535525838491826;2.0637399991969123;2.073183771340264;2.080506563106212;2.086271047438006;2.0906282304050237;2.0940734844545306;2.0972462261597276;2.099528447656602;2.100299182035461;2.1011094892154296;2.0991921865682492;2.0972546919084136;2.094307658131429;2.090232619261188;2.084864111717757;2.07852486505229;2.0719574056003527;2.063449106574364;2.054497229871783;2.043843023759161;2.02921184143402;2.011339158536847;1.9943131968306749;1.97222517676339;1.951037426430911;1.9288605753046626;1.904153623221095;1.8802492068971852;1.8538151593841823;1.8264840650963694;1.7979453221268349;1.7679587120535825;1.7353975759466644;1.6996639913102607;1.66215237879228;1.6227685412080488;1.581211942430314;1.537726156716987;1.4882183413148404;1.4383856404019868;1.3931976725824775;1.353671135619697;1.305809207577596;;
30.0;1.598349070048572;1.6224969083449121;1.6464265114930239;1.6701405607113262;1.6936417061665514;1.7169052731229657;1.738907480415616;1.7620440931529755;1.78543414134956;1.8083374083420063;1.8314868947324046;1.8544652177929297;1.8770460528477635;1.8986029237730184;1.9175206293940237;1.934472920406587;1.9502888018268418;1.9651141324858856;1.9788269045504738;1.9914591653969707;2.002929413039993;2.0134942874078274;2.023520255602953;2.031359946376009;2.0375511566385778;2.0422764681246783;2.046085643018059;2.0497545764101472;2.052601020730992;2.053911321873533;2.0554427279077565;2.053893790633598;2.0526287264851;2.0501236768861384;2.046845575187299;2.042327756908646;2.0368567364869286;2.031092952844157;2.0239736023577946;2.016308735648502;2.007166996434522;1.9948123613265962;1.9795756074669901;1.9645730091882059;1.9449374305777742;1.9256849884567622;1.9055042753392406;1.8828207009653777;1.8612323370411814;1.8368783247411926;1.811751989220967;1.7856947318999072;1.7584495119440442;1.7288882959321166;1.6958637981714642;1.6610548826064022;1.6244598203355922;1.585531649593209;1.5442250065223515;1.4968140578366023;1.4480165777865066;1.4034951813073757;1.3662446446842367;1.3220797794191537;;
30.5;1.5559081338752714;1.5794716697860736;1.6028314195153905;1.6259897060215502;1.6489488296478703;1.6716794838343771;1.6928577339359894;1.7151917798445329;1.7379003398245914;1.7600617257242765;1.782560414350752;1.8050236810037754;1.8272094823263272;1.8484832580659356;1.8672327574931185;1.884082539731252;1.8998610120249593;1.9147216694719336;1.9285373622877073;1.941344474783154;1.9530419568598045;1.963929095532639;1.974468739511805;1.9827703190373613;1.9893432772981505;1.9943987773623195;1.9985333484708088;2.002646438173625;2.0060000852210855;2.0077982535375134;2.009979906686735;2.008761463046207;2.008106077660307;2.005990047265187;2.003437767881114;1.999698918076856;1.9950196654492227;1.9899777602406572;1.9841548337501314;1.9776790118775138;1.9699476054075054;1.9597820506355563;1.9471178024070799;1.9340606700851448;1.9168898238583947;1.899560423309672;1.8813241225411177;1.860664203101938;1.8412196621122328;1.8188973733578409;1.7958783385228818;1.772126612999072;1.7473842422342907;1.7205614778639946;1.6901412756605225;1.6579466284235789;1.6240430396699983;1.5877193696734198;1.548719997338896;1.5040230670935577;1.4571950036936059;1.4140851109900492;1.3787119860068184;1.3376153580339967;1.2910217695650115;
31.0;1.514485207812852;1.537472717415402;1.5602702479725332;1.5828797909892893;1.6053033227462388;1.6275074411471362;1.647895205695023;1.6694445350311096;1.6914755046935381;1.7129024290172286;1.734744357033147;1.756673801348394;1.7784361406572593;1.7993936574902598;1.817946016498854;1.8346651048858158;1.8503719161352956;1.865229181509556;1.8791064360029668;1.8920441648280595;1.9039236492653853;1.9150818208271225;1.9260688295867578;1.9347809392599986;1.9416959470329607;1.9470501783504797;1.9514787410611452;1.9559900538799382;1.959799813739322;1.9620410908641595;1.9648075020487337;1.9638920872344914;1.9637910097389115;1.962022102706467;1.9601321160671765;1.957108055246273;1.9531526680753635;1.9487612116520525;1.9441442975167482;1.938764668431038;1.9323443359137484;1.9242699732389341;1.914096914017033;1.902902626533478;1.8881853541706741;1.8727557646717168;1.8564068095700235;1.8377579401912623;1.8202943167705836;1.7999502061878974;1.7789420567569199;1.7573295977785914;1.7348677935698902;1.7105392894461033;1.682617495579656;1.6529461068133742;1.6216351748190734;1.5878826602667635;1.5512932984523982;1.5098068522735466;1.4657179016365474;1.4246312611075123;1.3907979543707238;1.352234884494922;1.3100082104534394;
31.5;1.47402619929633;1.4964480203643573;1.5186929784439727;1.5407627613374881;1.5626590479836473;1.584344935058832;1.6039814792283495;1.6247697392413176;1.6461319554723106;1.6668382440713891;1.6880235634708232;1.7094058989272538;1.7307213867102993;1.7513343057702029;1.769665620935391;1.78623101636446;1.801836803853707;1.816656630021245;1.8305586663080975;1.8435871873239487;1.8556079242135035;1.8669898605470494;1.878360132347749;1.8874350652136513;1.8946577034592464;1.9002856913216921;1.9049839610374342;1.9098536659588696;1.914074378898144;1.9167209476902263;1.9200119904901176;1.919382546626866;1.919787787025793;1.9183351766478642;1.9170515384700397;1.9146856284407796;1.9113947605015473;1.907592690940537;1.9040934904230271;1.8997223151812945;1.8945166731888885;1.8884251930147777;1.880644112956758;1.8712253255452036;1.8589270190800309;1.8453630462249766;1.8308390290856937;1.814175722793829;1.7985394356764766;1.780114724185128;1.7610220876778864;1.741392318592724;1.7210050565964092;1.6989438983822405;1.6734135297310821;1.646171808345362;1.6173532013906344;1.5861290789690559;1.552027079148635;1.514126896564409;1.4733822551286062;1.4347974311367775;1.4022273445592415;1.3657572998747156;1.3266108719454213;
32.0;1.43447701576072;1.4563455477643998;1.4780495925092332;1.4995905627890949;1.5209698678820889;1.5421477555670489;1.561078138071605;1.5811347730037664;1.6018420116768146;1.621847896737279;1.6423828743550173;1.663210293840824;1.6840605793551822;1.7043053866299802;1.722396785326894;1.7387906746613675;1.7542709648760493;1.7690239764294873;1.7829185938149443;1.7960024940630825;1.8081282156609273;1.8196906119481944;1.8313822543147174;1.8407759550680458;1.8482770841932457;1.8541603365084889;1.8591111486480432;1.8643055168401963;1.8688979533099928;1.871918937852472;1.8756798485072523;1.8753297246517477;1.87620067382583;1.875044602527264;1.8743189538142437;1.8725620976842625;1.8698849588639688;1.8666215819683027;1.8641539092343429;1.8607085620005095;1.8566241024685595;1.8523967738411282;1.846890569886166;1.8391552141323015;1.8292178161518904;1.817474301651528;1.8047074737478586;1.789991361470124;1.776038153490155;1.7594688283032962;1.7421973750405892;1.7244034077957302;1.7059009219594214;1.685897472376209;1.6626504499170212;1.6377422235891146;1.6113140949924931;1.5825661833761142;1.551003508713384;1.5169446831539846;1.4799850476830505;1.4442474205548592;1.4127249513556528;1.3780015452461685;1.3409487773025646;1.3020428695407276
32.5;1.3957835646410377;1.4171132687469905;1.4382900717478337;1.4593151410670577;1.4801896449635548;1.5008716926693744;1.5191467657604258;1.5385070168470678;1.5585779928229595;1.5779101128654247;1.5978071303769656;1.6180773061895755;1.6384490774616465;1.6583070837938045;1.6761447241975276;1.6923544802707209;1.7076896888981787;1.722351182156773;1.7362107591353517;1.7493190368377238;1.7615179575644255;1.7732214722863304;1.7851748020076013;1.7948468669929132;1.8026026268511957;1.808729134143403;1.8139224441413382;1.8194138489537015;1.8243447095873098;1.8277161751876514;1.8318975525965082;1.8318305047375516;1.8331339344438997;1.8322657137825562;1.8320572808243387;1.8308679230006046;1.8287622792988232;1.8259972685975452;1.8244770507160752;1.8218800187609023;1.8188261089883997;1.8163337795960266;1.8129674554651687;1.8068187393067694;1.799160742951675;1.789181564633449;1.7780988362162538;1.7652786667806286;1.7528736048718598;1.7380904194961708;1.7225468625998328;1.7064514977418677;1.6896602803044916;1.6715221791318138;1.6504493279396861;1.6277758431141995;1.6036348312324593;1.5773015310837541;1.5483047564324242;1.5182216952301133;1.485323262813151;1.4526450288387718;1.4220155695432464;1.3887865616820712;1.3531409497864644;1.3166190677276823
33.0;1.3578917533722974;1.3786991524435885;1.399364397739296;1.4198884418943223;1.4402722417500344;1.460472536363393;1.478148945830446;1.4968538512998313;1.5163122184266529;1.535003618306349;1.5542811722279026;1.573997256073974;1.5938822398994308;1.6133395809858913;1.6309146520714553;1.646932833686705;1.6621082656159514;1.6766582086255921;1.6904597028811654;1.7035657674401334;1.7158105838807667;1.7276198388172315;1.7397773819463382;1.749691059157981;1.7576828690493351;1.7640471044589678;1.7694799877656844;1.7752469047291652;1.7804888203425377;1.7841937735325202;1.788751579254247;1.7889817703126922;1.7906918331848787;1.7901138438516317;1.7903894382248713;1.789733564413693;1.7881657379423068;1.7858691346904627;1.7852144116336026;1.7833932953346943;1.781282177984043;1.780385274157522;1.7790059403536786;1.77434234808059;1.7688587970448033;1.7605768688528198;1.7510998091506103;1.7401114492858254;1.7291289244818353;1.7160573987175165;1.7021494941104223;1.687625220785395;1.6723880222771976;1.6559401863528507;1.636931235601299;1.6163911574901917;1.594432385718343;1.5704426796877948;1.5440129915915266;1.5179194159806357;1.4891938840321766;1.4596540554655295;1.4298239939053072;1.3979312902552126;1.3633064126587247;1.3284421260479036
33.5;1.3207474893895146;1.3410511679856558;1.3612225520631398;1.3812624109938358;1.4011715207635227;1.4209060766466948;1.4380462618173029;1.4561426568906688;1.475017008003805;1.4931071389105757;1.5117898405990662;1.530960463594492;1.55035542553827;1.5694030619304522;1.586711783472838;1.6025361354035024;1.6175419847252241;1.6319650172584321;1.645689965664229;1.6587716376625727;1.6710395285667188;1.6829231087966705;1.6952296006508676;1.7053517897329802;1.7135663484039014;1.720169267687715;1.725845919769449;1.7318729265963675;1.7374044581881172;1.7414328467238345;1.7463284049768388;1.7468804048055873;1.7489786343536506;1.7487043261723711;1.7494383447403847;1.749289481947413;1.7482343509306093;1.7463865641092484;1.7465174887523003;1.7454050015941083;1.7441517946911245;1.7447003214036525;1.7451371952116017;1.7418524874657582;1.7384149759967022;1.7317522479917171;1.7237970852106608;1.7145635195461975;1.7048872469803271;1.6934476669210996;1.6810842133271637;1.668013209280577;1.6541890385231017;1.6392736617431227;1.6222172447040801;1.6037066572866605;1.5838237340579573;1.5620971867840474;1.5382103834764775;1.5159993285933908;1.4913938948533971;1.4649382999121432;1.4358750192251133;1.405254672038386;1.3715641891809476;1.3379530587956872
34.0;1.284296680127703;1.3041172845046534;1.3238145162988904;1.3433889940885457;1.3628413445260081;1.3821281035168624;1.3988002972566287;1.4163408141481915;1.4346646810703243;1.452199400528631;1.4703179761816898;1.4889572488515972;1.5078639932479048;1.526497710351702;1.5435413329258427;1.5591747859152942;1.5740061359218531;1.5882915694777857;1.6019260880963877;1.6149655992973044;1.6272382255790507;1.6391686794804214;1.6515710646411268;1.6618723168876381;1.6703016025311315;1.6771506440621775;1.683082380400997;1.689360156985088;1.6951657957364894;1.6995145085983525;1.7047145062606488;1.7056232916446512;1.7080986022550881;1.7081524941826658;1.7093269190954294;1.709666135625645;1.7091071343999327;1.7076989407160954;1.708537778837548;1.7080717474113647;1.707594444345284;1.7094279852124603;1.7114923906988566;1.7094756044742616;1.707932277372791;1.7027997357322202;1.6962773570561402;1.6887086881222266;1.6802317070275734;1.6703391250606856;1.6594299640048633;1.6477040955816635;1.6351682196877757;1.6216447730064365;1.6064284270502434;1.5898408330731737;1.571925851859116;1.5523726099683328;1.5309791013730507;1.512422916256219;1.4917202787900878;1.4681615616556272;1.4398934402859602;1.4105756481043779;1.3780333026147318;1.3455928802652473
34.5;1.2484852330218796;1.2678454711320404;1.287090272026064;1.3062201369013984;1.325235575559483;1.344094406971485;1.3603726356840617;1.3774157036010086;1.3952275571421193;1.4122591290110345;1.4298504196670114;1.4479779319457586;1.4664033018980707;1.484623709973854;1.5014085149546315;1.5168591857162657;1.5315160089016935;1.5456578267061385;1.559192610789487;1.5721766041365886;1.5844401088745306;1.5963939481242577;1.6088413804370547;1.6192958987916848;1.6279371690472635;1.6350462538148887;1.6412515099086957;1.6477768383251068;1.653847005600096;1.6585198729928283;1.6639963596020442;1.6653073142582997;1.6681560011940735;1.668573681320407;1.6701780800145518;1.6709939854722788;1.6709231044864643;1.6699556483731999;1.6714267786547246;1.671550142658686;1.6717696121821555;1.6747173294619917;1.678202697475351;1.6773381461180907;1.677513698738489;1.6738113657564075;1.6686273173467756;1.6626207655743965;1.6552454392838176;1.6468096740900449;1.6372656898983284;1.626786512042922;1.6154304564167896;1.6031756878465897;1.5896858544420063;1.5749121754193105;1.5588557147296278;1.5413765068364667;1.5224013145670172;1.5071516621569598;1.4899700193555088;1.4689876401729993;1.4416040518711206;1.4137131595259822;1.3828327762216794;1.351802604750869
35.0;1.2132590555070575;1.232183696999277;1.2509998008241858;1.2697077851553429;1.2883080763859391;1.30676077700815;1.322724860635235;1.3393347057777332;1.3566779557350968;1.3732650502083148;1.3903720117462646;1.4080128329774446;1.4259687103585055;1.443781244521122;1.4603185440833686;1.475599735300599;1.490086893360603;1.5040837503659823;1.517514074355371;1.530433603972687;1.5426786124099268;1.554636311983952;1.5670801545585888;1.5776657936148495;1.5865215855685353;1.593911117178381;1.6004154485409114;1.6071912130462056;1.6135222603913797;1.618530053744017;1.6242604414973905;1.6260293560749477;1.6292550954754825;1.6300832210234748;1.6321147462222967;1.6334034915111955;1.633821277326405;1.6333060709427571;1.6353359849692057;1.635996797208294;1.6368367834373738;1.6407174180302904;1.6453992862009934;1.6455665594092341;1.6472622376592247;1.644879171746354;1.6409336587423053;1.636373562463188;1.6300115784093063;1.622937214962938;1.614670334762363;1.6053490910186108;1.5950806393557126;1.5839885739673782;1.572110598681589;1.5590391748946342;1.5447302982773028;1.5292164349842654;1.5125591923441624;1.500147049483454;1.4859401000629369;1.4670803349412722;1.4407316487638901;1.4144861473759844;1.3860816332633927;1.3570232465467598
35.5;1.1785640550182528;1.197079931237826;1.2154930842727767;1.2338038845733212;1.252012709527368;1.2700830036244426;1.2858185556457862;1.3020652012069744;1.3189881963651668;1.3351958899709935;1.351867593110688;1.369052272047126;1.3865555774989478;1.4039704977177179;1.4202766348362168;1.4354068351624765;1.449734078994437;1.4635893018798054;1.476915019405884;1.4897655505978626;1.5019871701420069;1.5139331683152792;1.526326993525668;1.5370252595268603;1.546103389711185;1.5538002543851865;1.5606363365460094;1.5676715235781642;1.57426573272278;1.579626164688677;1.5855932284430532;1.5878863005230124;1.5915001494041938;1.5927964467297628;1.5952598364432131;1.5970251137662796;1.597940669055945;1.597899592286958;1.6004168945463708;1.6015683209324116;1.6029554433465756;1.607577314795392;1.6132133275356977;1.6142872913596822;1.6172808917004158;1.616095187384143;1.6132830739024626;1.6100408893490858;1.6046132590642808;1.5987996486331326;1.5917228423517726;1.5834804648629817;1.5742236591501158;1.564205599072614;1.5538237315712102;1.5423403220687186;1.5296665781099552;1.5159999520075438;1.5015349039902617;1.4913705614235404;1.4794275044256402;1.462103445437453;1.4370010257475467;1.4127135527271788;1.3878988970014703;1.3616958199472364
36.0;1.144346138990481;1.1624821429791456;1.1805201039513573;1.198460380878286;1.2163033375057601;1.2340168768179476;1.249615304251348;1.2655745704173444;1.282130598548238;1.2980303741495955;1.3143220044515163;1.3310865692552722;1.3481592621891334;1.3651916532878596;1.3812880017373397;1.3962908857960823;1.4104728554990515;1.424194442670097;1.4374199865528725;1.4502013958043753;1.4623992160275407;1.4743219143740118;1.4866215038582298;1.4974175546974462;1.5067311190914494;1.5147686856678386;1.5219763141723577;1.5292860123507637;1.5361515952067402;1.5418893196635648;1.548081196935402;1.5509750310309087;1.5549954272850854;1.5568286918771583;1.5597362694018455;1.5619893122614181;1.5634202958112817;1.5638855962680016;1.5668210041515982;1.5684213237032596;1.5702850771454009;1.5754460836353483;1.581775992139379;1.5836267889814222;1.587672658427485;1.587551446351847;1.5857622554869757;1.583696556792569;1.5791336159089813;1.5744748760543974;1.5685021564213635;1.5612692659303056;1.552964406445568;1.5439489308660947;1.5349463249130908;1.524934107511137;1.5137815298353985;1.501834615502121;1.4894106187910863;1.4807836811650599;1.4702292159568868;1.4537207711385651;1.4301369776053807;1.4082143166523506;1.3884035906975125;1.3662613392464849
36.5;1.1105512148587584;1.1283383013546961;1.1460308414394476;1.1636292197931821;1.1811338228431092;1.1985181865862522;1.2140766899875564;1.2298301939374525;1.246077481800219;1.2617472285946443;1.2777200864599862;1.2941060447023496;1.3107751232988;1.3274448949557565;1.3433578593109026;1.3582622876955979;1.3723185125703035;1.3859191341593462;1.3990535164081797;1.4117700913844882;1.4239481840232955;1.4358399474159236;1.4480032920762138;1.4588859372963365;1.4684533113255673;1.4768714312588709;1.4844975216683196;1.4921029217937833;1.4992540204557012;1.505400632505435;1.5118108234708023;1.5153924310270523;1.5198451934230355;1.5222952899035433;1.5256669638227427;1.5284265470204974;1.5303991737286096;1.5314134667480839;1.5346998105502654;1.536712415393057;1.5389851700694792;1.5444727884281986;1.551218450671938;1.5537114992864458;1.5585405354058572;1.5593399823315521;1.5584578961555795;1.557414375354125;1.5536557836036553;1.550040798180496;1.5450872207259452;1.5388041265748331;1.5314077718876415;1.5233407370516163;1.5155994505094412;1.5069390217914576;1.497192129061439;1.4868279830638107;1.4762685060324214;1.4683478918958517;1.4581422181699484;1.4415961115216174;1.4198642991206736;1.4008073802242968;1.3877147376131251;
37.0;1.077125190058096;1.0945963754959385;1.1119752783165717;1.1292623470409549;1.1464580280614038;1.1635427229269473;1.1791642963900495;1.1947994522959116;1.210801165637018;1.226325179156663;1.2420466798273315;1.2581010184888282;1.2743985196976864;1.2907304064456255;1.3064914220810673;1.321331441355209;1.335286339904047;1.3487833377700431;1.361840149583652;1.3745005891304611;1.3866675080860404;1.3985246646967884;1.4105119646995568;1.4214736654932616;1.431318504029775;1.4401635113908142;1.448262099282263;1.4561904943370039;1.4636471810821041;1.4702412170510437;1.4768685845456195;1.4812353839398575;1.4861537121229245;1.4893115742468113;1.4931748384304515;1.4964672780673964;1.4990163189441257;1.5006325875893984;1.5042048105077508;1.5065982058740297;1.5092152073544516;1.514806493051983;1.5216718737932982;1.5246678692867448;1.5299875202009474;1.5315528290053266;1.531456688568009;1.5312681555942345;1.5282628968085432;1.5255753159651944;1.5215569790203136;1.5161736791508247;1.5096586461218964;1.5025031853329915;1.4959041801624844;1.48847355547925;1.4800153513958891;1.4710876122884287;1.4621907350000418;1.4540246768037561;1.442963494578092;1.4253932660636206;1.4059077850767174;1.390311684515802;;
37.5;1.0440139720235129;1.0612043345343345;1.078303396162248;1.0953117083445534;1.112229815682639;1.129046275837613;1.1448397069944587;1.16044972602133;1.1762739695745434;1.1917429516861784;1.20728662524479;1.2230618107151798;1.239024810255529;1.2550483714816787;1.2706939045719974;1.2855087472690974;1.299391627196142;1.3128070149246769;1.3258044266911329;1.338421840834557;1.3505906221725437;1.3624134634723788;1.3741871282481979;1.385223997457948;1.3953752348203112;1.4046999462962027;1.4133321872625548;1.4216169724102043;1.4294052496983918;1.4364921871371479;1.4433409566562205;1.4486007731977426;1.4540252476896285;1.4579928783448501;1.4623828119495164;1.466241965426006;1.4694107475940206;1.4716923426541357;1.4754875007894284;1.4782353050183978;1.481134674235951;1.4865962613847534;1.493267432163365;1.4966223459943024;1.5021166103781836;1.5042820200552551;1.5048453253839928;1.505331708073378;1.5030380901838845;1.5011563303622615;1.497990375059287;1.493466556012545;1.487821919793916;1.4815584434140128;1.4759815856744387;1.4696561991440937;1.4623681724465625;1.4547210607717949;1.4472594749797212;1.4377755190766128;1.4244900286945956;1.4047760342415927;1.3879922302567849;;;
38.0;1.0111634681900208;1.0281101476013434;1.0449651765559977;1.0617292494269233;1.078403048228803;1.0949846353158392;1.1110645053364232;1.1267483956423217;1.1424682131287032;1.157979272033712;1.173424763403597;1.1889787414818702;1.2046493538420657;1.2203989737881296;1.2359705213078582;1.250804605931445;1.2646496641424418;1.2780101270457376;1.2909708883424678;1.303562798289037;1.3157509602395727;1.3275437409984687;1.3390683892420752;1.3501801913601268;1.3606720413134141;1.3705357562075688;1.3797699258575595;1.3884505984431683;1.3966023989170027;1.404234656600502;1.411314416298973;1.4175854822291216;1.4235640644280232;1.428454535635543;1.433413803104484;1.4378810691202044;1.4417214758144896;1.4447421158044973;1.4486993781606818;1.4517803226983843;1.454903055949614;1.4599911573045419;1.4661362964420435;1.4697013764211193;1.4750308035029898;1.4776195891634152;1.4787104992632678;1.4796788433520403;1.4780644983899274;1.4768617423254584;1.4744663525976622;1.4707713895142467;1.466002483549257;1.4606286789984804;1.4559527388475244;1.4506054433555473;1.4443675678212724;1.437835886109724;1.4315568952572404;1.4195619019022618;1.4025188040327219;1.3794082155325462;;;;
38.5;0.9785195859926361;0.9952617838284272;1.0119106010773473;1.0284669160110127;1.0449315882218864;1.0613135913592124;1.0778002749515743;1.093662841687494;1.1093562158154073;1.12501286604979;1.1404459349949887;1.1558421308893694;1.171267509327035;1.1867823970891935;1.2023264868128116;1.2172294178364362;1.2310757404388042;1.2444126355557126;1.2573640751495008;1.2699524132861617;1.282181956243897;1.293952894530832;1.305195354201126;1.3163855053695266;1.32725746112532;1.337725961357445;1.3476374553156458;1.3567596148656729;1.3653128013503821;1.3735497392778646;1.3808754399702419;1.3882863944624104;1.3948744266429938;1.4008118795567777;1.4063907306199015;1.4115150491738806;1.4160875197417326;1.4199312909026753;1.4239919393868874;1.4273898687862099;1.4306798377310805;1.435140244689396;1.4404096372892568;1.4440314075791716;1.4488330971407795;1.4516575700118834;1.4531389028655648;1.4543833719907038;1.4534252560869132;1.4527694528085564;1.4510638553902497;1.4481768120101943;1.4443052280334996;1.4398360597902053;1.435938711483952;1.43143977868319;1.4261305131278288;1.4205396458980326;1.4151651651183785;1.399345308468543;1.376846804105738;;;;;
39.0;0.946028232866376;0.9626072123470433;0.9790896513058103;0.995476653819769;1.011769298183884;1.0279889339653172;1.0450085993755494;1.0611604446854583;1.0769102971505644;1.0928224595849327;1.1083349807102012;1.1236422990381474;1.1388746355801729;1.1541988251090816;1.169767015611022;1.1847935834782524;1.1986851457810834;1.212034501877092;1.2250085277240785;1.2376196376181952;1.2499170441422844;1.2616783213252427;1.2726076296452908;1.283883197655876;1.2951800318722686;1.3063255819783635;1.3169969158851762;1.3266122641075007;1.33561062961097;1.3445185490059903;1.3521105041663941;1.3608003933260235;1.3680605986394119;1.3751802435464484;1.381436513220317;1.3872743656109172;1.3926478955119375;1.397409251810863;1.401516681233418;1.405220553154093;1.4086245048159785;1.4121925874173629;1.416218625364908;1.4197388864804599;1.4236264888569834;1.4264879962827375;1.4282172288506165;1.4295191045498494;1.4292034979350832;1.4289573627653187;1.4278618271918515;1.4257714558546413;1.4228350438922055;1.4193027534929845;1.4160605753859459;1.412277695696595;1.4077739839740397;1.4029398977325371;1.398166453848905;1.3770872219632966;;;;;;
39.5;0.9136353162462525;0.9300944022886544;0.9464523088209154;0.9627104085761395;0.9788700406367861;0.9949664531317435;1.012651062143986;1.0292085851648292;1.0451027766500802;1.061386778489668;1.077076741240469;1.0923695660286734;1.107466091471215;1.122648441572009;1.138297322226653;1.1535075033510793;1.1674931698651374;1.1808956874323657;1.1939287866780433;1.206593423077396;1.218989657891504;1.2307574186374723;1.2413448220945051;1.252716526388904;1.2644882911704958;1.2763896383028586;1.2879104478145207;1.29807678859843;1.3075700563112076;1.317222199621636;1.3251060853837968;1.33522436224838;1.3432268447221576;1.3516749610424361;1.3586740696302801;1.3652894784552034;1.3715416192613021;1.3773253823912546;1.381425100465659;1.385428985674261;1.388896542439952;1.3912972493664766;1.3936944313289126;1.3969502601369634;1.3995139762170221;1.4022029016580584;1.4040321698781535;1.4051598515899635;1.4054823585946812;1.4055033731495135;1.4049392117572768;1.403643953401855;1.4016968217709547;1.399150927810612;1.3964394023557256;1.3932376849653245;1.3894149559677178;1.3851441992090558;1.3806429307346058;;;;;;;
40.0;0.8812867435672809;0.8976713227847215;0.9139485552021771;0.9301201260030671;0.9461876781025849;0.9622019388560741;0.9806892467925161;0.9977746436542141;1.0139059738298668;1.0306845486145182;1.046656057277029;1.0620142519614157;1.077037235869903;1.0921314302021905;1.1079226211838673;1.1233815779490977;1.1375151023868222;1.151016153644023;1.1641493926232425;1.1769027214560275;1.189433231448323;1.2012275837232962;1.2114465380687092;1.2229287497383403;1.2352307766362394;1.2479731505634617;1.2604401913520422;1.271221430768244;1.2812652540635365;1.2917418049615557;1.2999486601188173;1.3116551846578908;1.3204774291961117;1.3304113654826328;1.3382263185743306;1.3456908477306218;1.352907707126022;1.3598290665060495;1.3638686938489855;1.3681717762189298;1.3716554358386333;1.3726032944147892;1.3729682258411797;1.375791975560682;1.37659855678631;1.3788943198199242;1.3806704186079128;1.3813794236715224;1.382344972725953;1.3824853849149035;1.382374952841332;1.3818829370060843;1.3809954523153047;1.3795027504469006;1.3771962641955051;1.374438237058957;1.3711704047166782;1.3672601079234017;1.362676765061254;;;;;;;
40.5;0.8489284222644793;0.8652859429667048;0.8815283720291234;0.8976577518235036;0.9136760731032689;0.929651181135899;0.9490847368567756;0.9668260006822242;0.9832922082058317;1.0006944958100075;1.0170577695111174;1.0325666769368427;1.0475834276459741;1.0626479747238378;1.0786481270068302;1.0944262077664915;1.1087662330419938;1.1224158619345523;1.1356948861715193;1.1485764845463518;1.1612811987695113;1.1731262138384873;1.1829523840878404;1.194563125873914;1.207456025885739;1.221131138992706;1.23464828674611;1.2461144330467202;1.2567703954803995;1.2681584788625089;1.2767247048678203;1.2901897439829764;1.29991661636615;1.3115047903049217;1.3202161787770197;1.328608933461057;1.3368851752422917;1.3450696880174386;1.3489989581487758;1.3536055346603266;1.3570606702476602;1.3562597864403392;1.354171179561618;1.3563904797636015;1.3549832281302807;1.3566542844504084;1.358218667699625;1.3582516313550153;1.359874474989137;1.3599812990152587;1.3602479941988186;1.3605770390215994;1.360835826170832;1.3604803891056472;1.358452232707501;1.35599784254706;1.353157305828729;1.349395181471392;1.344350126114625;;;;;;;
41.0;0.8165062597728605;0.8328862319660608;0.8491417408812705;0.8652752317603944;0.881289088160834;0.8972699699688018;0.9177991158724002;0.9363300367774716;0.9532337992938826;0.97139534592666;0.9882667186339695;1.004017161055426;1.0191000256691627;1.0341982588611671;1.0504790542197036;1.066651793297444;1.0812618515265076;1.0951147737264444;1.1085898079347185;1.1216436641406284;1.134566993811836;1.1464907062388185;1.1559019666718382;1.167662912965353;1.1812125765352297;1.1959186238231236;1.2105968742450877;1.22282403786364;1.2341596531742356;1.2465533351612506;1.255520696127174;1.2709249236520486;1.2816486705371506;1.295070568947193;1.3047665689628942;1.3141741956703892;1.323613039746306;1.3331966307876182;1.3369673901304053;1.34188687087067;1.3452717309026667;1.3424157893211648;1.337434463150144;1.338872219757711;1.3347709878143479;1.3355748292315957;1.3367636098130256;1.3358502852009202;1.3381540000444785;1.3380690164043427;1.3386372795845465;1.3398148918026527;1.3413228339831047;1.342206011490652;1.3403283796939371;1.3380349919992032;1.3354926349116854;1.3316569774488443;1.3257451831804996;;;;;;;
