Date,00:00,01:00,02:00,03:00,04:00,05:00,06:00,07:00,08:00,09:00,10:00,11:00,12:00,13:00,14:00,15:00,16:00,17:00,18:00,19:00,20:00,21:00,22:00,23:00
2024-01-01,0.1015,0.0847,0.0814,0.0763,0.0750,0.0745,0.0750,0.0752,0.0761,0.0748,0.0528,0.0259,0.0251,0.0236,0.0232,0.0283,0.0445,0.0680,0.0814,0.0909,0.0984,0.0973,0.0814,0.0745
2024-01-02,0.0691,0.0528,0.0261,0.0388,0.0337,0.0395,0.0671,0.0778,0.0894,0.0900,0.0846,0.0874,0.0782,0.0757,0.0757,0.0731,0.0765,0.0874,0.0945,0.1004,0.0948,0.0882,0.0798,0.0720
2024-01-03,0.0296,0.0251,0.0251,0.0251,0.0251,0.0238,0.0271,0.0788,0.0997,0.1062,0.1019,0.0936,0.0909,0.0915,0.0986,0.1050,0.1069,0.1349,0.1408,0.1537,0.1650,0.1650,0.1408,0.1311
2024-01-04,0.1359,0.1316,0.1230,0.1101,0.1060,0.1077,0.1313,0.1412,0.1431,0.1458,0.1418,0.1359,0.1342,0.1303,0.1381,0.1464,0.1475,0.1482,0.1514,0.1533,0.1548,0.1513,0.1474,0.1359
2024-01-05,0.1305,0.1234,0.1189,0.1109,0.0987,0.1078,0.1164,0.1309,0.1366,0.1355,0.1182,0.0943,0.0793,0.0770,0.0719,0.0598,0.0774,0.1062,0.1170,0.1204,0.1227,0.1205,0.1164,0.1075
2024-01-06,0.0878,0.0782,0.0772,0.0763,0.0515,0.0515,0.0598,0.0775,0.0792,0.0782,0.0528,0.0261,0.0251,0.0251,0.0251,0.0251,0.0528,0.1037,0.1303,0.1381,0.1382,0.1329,0.1311,0.1226
2024-01-07,0.1279,0.1225,0.1186,0.1144,0.1124,0.1127,0.1162,0.1198,0.1250,0.1289,0.0986,0.0920,0.0853,0.0868,0.0846,0.0789,0.0973,0.1381,0.1543,0.1527,0.1488,0.1429,0.1369,0.1276
2024-01-08,0.1316,0.1281,0.1247,0.1212,0.1207,0.1254,0.1409,0.1623,0.1741,0.1698,0.1616,0.1520,0.1424,0.1404,0.1482,0.1583,0.1676,0.1802,0.1863,0.1863,0.1905,0.1857,0.1678,0.1583
2024-01-09,0.1468,0.1482,0.1462,0.1464,0.1445,0.1450,0.1517,0.1587,0.1769,0.1746,0.1613,0.1579,0.1571,0.1564,0.1572,0.1669,0.1791,0.1957,0.1952,0.1977,0.2092,0.1863,0.1633,0.1559
2024-01-10,0.1384,0.1356,0.1317,0.1301,0.1291,0.1307,0.1418,0.1532,0.1754,0.1754,0.1550,0.1519,0.1482,0.1463,0.1415,0.1415,0.1474,0.1516,0.1625,0.1754,0.1736,0.1580,0.1499,0.1389
2024-01-11,0.1377,0.1306,0.1254,0.1227,0.1222,0.1241,0.1303,0.1508,0.1658,0.1609,0.1452,0.1306,0.1277,0.1255,0.1266,0.1291,0.1452,0.1717,0.1850,0.1893,0.1710,0.1588,0.1482,0.1396
2024-01-12,0.1342,0.1309,0.1291,0.1266,0.1267,0.1291,0.1342,0.1517,0.1651,0.1545,0.1482,0.1413,0.1380,0.1377,0.1356,0.1380,0.1494,0.1572,0.1812,0.1729,0.1609,0.1510,0.1456,0.1424
2024-01-13,0.1355,0.1322,0.1253,0.1208,0.1164,0.1164,0.1206,0.1298,0.1389,0.1416,0.1366,0.1270,0.1151,0.1119,0.1158,0.1232,0.1370,0.1473,0.1583,0.1522,0.1482,0.1451,0.1394,0.1355
2024-01-14,0.1305,0.1263,0.1210,0.1132,0.1092,0.1089,0.1096,0.1138,0.1201,0.1220,0.1160,0.1087,0.1072,0.1042,0.1012,0.1002,0.1038,0.1136,0.1306,0.1380,0.1304,0.1284,0.1265,0.1132
2024-01-15,0.1198,0.1062,0.1036,0.0999,0.1000,0.1038,0.1089,0.1313,0.1476,0.1486,0.1417,0.1358,0.1300,0.1258,0.1291,0.1356,0.1429,0.1482,0.1645,0.1659,0.1578,0.1482,0.1446,0.1367
2024-01-16,0.1311,0.1270,0.1239,0.1210,0.1206,0.1232,0.1342,0.1494,0.1826,0.1738,0.1473,0.1376,0.1393,0.1347,0.1355,0.1329,0.1289,0.1329,0.1342,0.1475,0.1479,0.1339,0.1176,0.0973
2024-01-17,0.0453,0.0412,0.0286,0.0272,0.0272,0.0273,0.0422,0.0772,0.0789,0.0789,0.0780,0.0649,0.0430,0.0375,0.0275,0.0273,0.0444,0.0763,0.0787,0.0834,0.0908,0.0805,0.0761,0.0439
2024-01-18,0.0251,0.0251,0.0231,0.0215,0.0222,0.0251,0.0251,0.0593,0.0810,0.0919,0.0786,0.0765,0.0708,0.0655,0.0659,0.0787,0.1001,0.1431,0.1529,0.1477,0.1550,0.1467,0.1382,0.1146
2024-01-19,0.1123,0.1068,0.1064,0.0973,0.0907,0.0846,0.0973,0.1156,0.1257,0.1321,0.1240,0.1202,0.1211,0.1111,0.0987,0.0975,0.1011,0.1090,0.1234,0.1281,0.1264,0.1234,0.1156,0.0986
2024-01-20,0.1148,0.1023,0.1021,0.1021,0.1020,0.1051,0.1104,0.1176,0.1279,0.1333,0.1264,0.1185,0.1159,0.1098,0.1144,0.1217,0.1329,0.1419,0.1481,0.1476,0.1481,0.1476,0.1411,0.1301
2024-01-21,0.1088,0.0962,0.0950,0.0942,0.0941,0.0941,0.0941,0.0960,0.0974,0.0960,0.0956,0.0932,0.0927,0.0813,0.0880,0.0893,0.0933,0.1035,0.1278,0.1399,0.1426,0.1412,0.1187,0.0963
2024-01-22,0.0808,0.0741,0.0655,0.0528,0.0567,0.0719,0.0833,0.1164,0.1389,0.1312,0.1114,0.0998,0.0943,0.0954,0.0971,0.0973,0.1050,0.1216,0.1459,0.1544,0.1723,0.1523,0.1409,0.1176
2024-01-23,0.0987,0.0960,0.0954,0.0971,0.0954,0.0954,0.1044,0.1356,0.1450,0.1378,0.1240,0.1058,0.0997,0.0986,0.0999,0.1024,0.1057,0.1278,0.1443,0.1673,0.1851,0.1568,0.1386,0.1285
2024-01-24,0.1304,0.1214,0.1148,0.1122,0.1112,0.1122,0.1230,0.1395,0.1501,0.1342,0.1109,0.0996,0.0971,0.0950,0.0950,0.0979,0.1024,0.1337,0.1417,0.2123,0.2145,0.1520,0.1330,0.1162
2024-01-25,0.1036,0.0980,0.0973,0.0914,0.0938,0.1015,0.1131,0.1272,0.1425,0.1352,0.1160,0.1037,0.1036,0.1036,0.1037,0.0997,0.1071,0.1171,0.1415,0.1647,0.1931,0.1520,0.1239,0.1146
2024-01-26,0.1016,0.1037,0.1022,0.1022,0.1005,0.1022,0.1095,0.1228,0.1673,0.1193,0.1052,0.1003,0.0919,0.0855,0.0892,0.0916,0.1016,0.1148,0.1350,0.1441,0.1623,0.1393,0.1164,0.1106
2024-01-27,0.1036,0.0986,0.0961,0.0921,0.0921,0.0938,0.0965,0.1052,0.1203,0.1143,0.0999,0.0902,0.0808,0.0817,0.0814,0.0808,0.0912,0.1157,0.1430,0.1386,0.1387,0.1348,0.1176,0.1135
2024-01-28,0.0999,0.0950,0.0883,0.0810,0.0769,0.0759,0.0808,0.0864,0.0913,0.0911,0.0744,0.0680,0.0744,0.0718,0.0720,0.0694,0.0758,0.0983,0.1115,0.1120,0.1099,0.1013,0.0977,0.0922
2024-01-29,0.0845,0.0811,0.0822,0.0820,0.0866,0.0974,0.1236,0.1338,0.1472,0.1334,0.1213,0.1116,0.1103,0.1149,0.1202,0.1212,0.1264,0.1353,0.1609,0.1577,0.1590,0.1382,0.1316,0.1231
2024-01-30,0.1125,0.1083,0.1092,0.1038,0.1024,0.1092,0.1215,0.1368,0.1430,0.1338,0.1191,0.1101,0.1076,0.1078,0.1125,0.1125,0.1213,0.1340,0.1479,0.1571,0.1777,0.1419,0.1338,0.1212
2024-01-31,0.1152,0.1119,0.1111,0.1098,0.1091,0.1151,0.1284,0.1396,0.1739,0.1396,0.1265,0.1128,0.1100,0.1056,0.1047,0.1036,0.1053,0.1189,0.1367,0.1729,0.2351,0.1412,0.1291,0.1196
2024-02-01,0.1087,0.0979,0.0911,0.0904,0.0890,0.0971,0.1131,0.1339,0.1428,0.1339,0.1009,0.0922,0.0902,0.0897,0.0902,0.0904,0.0979,0.1176,0.1506,0.1470,0.1405,0.1274,0.1254,0.1115
2024-02-02,0.1010,0.0974,0.0948,0.0905,0.0876,0.0909,0.0986,0.1232,0.1364,0.1278,0.0991,0.0897,0.0897,0.0916,0.0888,0.0921,0.0916,0.1112,0.1229,0.1276,0.1278,0.1182,0.1080,0.0909
2024-02-03,0.0928,0.0880,0.0861,0.0856,0.0861,0.0878,0.0890,0.0932,0.1011,0.0962,0.0888,0.0786,0.0739,0.0716,0.0741,0.0801,0.0884,0.1035,0.1246,0.1326,0.1427,0.1389,0.1305,0.1110
2024-02-04,0.1057,0.1034,0.1035,0.1023,0.0995,0.0995,0.0973,0.0970,0.1023,0.0884,0.0778,0.0719,0.0646,0.0663,0.0655,0.0617,0.0761,0.0908,0.1196,0.1342,0.1861,0.1733,0.1265,0.1164
2024-02-05,0.1121,0.1138,0.1089,0.1073,0.1073,0.1097,0.1141,0.1267,0.1464,0.1321,0.1185,0.1097,0.0973,0.0846,0.0859,0.0969,0.1085,0.1182,0.1343,0.1857,0.2515,0.1626,0.1241,0.1173
2024-02-06,0.1157,0.1164,0.1110,0.1086,0.1038,0.1086,0.1157,0.1254,0.1750,0.1432,0.1222,0.1132,0.1113,0.0928,0.0865,0.0928,0.0990,0.1113,0.1212,0.1342,0.1340,0.1205,0.1088,0.0923
2024-02-07,0.0740,0.0706,0.0686,0.0632,0.0477,0.0693,0.0811,0.1100,0.1157,0.1082,0.1050,0.0963,0.0782,0.0724,0.0655,0.0570,0.0686,0.0731,0.0946,0.1135,0.1188,0.1071,0.0953,0.0792
2024-02-08,0.0804,0.0706,0.0640,0.0623,0.0613,0.0623,0.0738,0.0846,0.0935,0.0746,0.0680,0.0658,0.0693,0.0613,0.0640,0.0631,0.0711,0.0738,0.0772,0.0719,0.0725,0.0692,0.0721,0.0575
2024-02-09,0.0490,0.0352,0.0273,0.0251,0.0251,0.0352,0.0587,0.0832,0.0946,0.1037,0.1054,0.0946,0.0853,0.0804,0.0820,0.0804,0.0782,0.0744,0.0775,0.0972,0.1054,0.0910,0.0758,0.0655
2024-02-10,0.0550,0.0388,0.0273,0.0251,0.0251,0.0251,0.0251,0.0251,0.0251,0.0251,0.0215,0.0210,0.0210,0.0210,0.0210,0.0210,0.0210,0.0215,0.0251,0.0528,0.0674,0.0692,0.0626,0.0502
2024-02-11,0.0655,0.0506,0.0490,0.0471,0.0528,0.0528,0.0692,0.0721,0.0731,0.0745,0.0763,0.0721,0.0717,0.0721,0.0718,0.0718,0.0804,0.0998,0.1267,0.1278,0.1187,0.1100,0.0934,0.0728
2024-02-12,0.0709,0.0695,0.0655,0.0639,0.0639,0.0656,0.0686,0.0717,0.0852,0.0805,0.0719,0.0663,0.0639,0.0663,0.0655,0.0655,0.0591,0.0719,0.0965,0.1332,0.1217,0.1120,0.1048,0.0997
2024-02-13,0.0895,0.0733,0.0719,0.0719,0.0719,0.0752,0.0871,0.1048,0.1328,0.1059,0.1037,0.1022,0.0980,0.0976,0.0980,0.0980,0.1056,0.1082,0.1328,0.1378,0.1255,0.1140,0.1090,0.1037
2024-02-14,0.0981,0.0965,0.0919,0.0907,0.0910,0.0963,0.1036,0.1155,0.1234,0.1096,0.0971,0.0808,0.0796,0.0733,0.0717,0.0719,0.0757,0.0972,0.1037,0.1293,0.1190,0.1095,0.0995,0.0972
2024-02-15,0.0852,0.0717,0.0672,0.0672,0.0675,0.0679,0.0808,0.1005,0.1005,0.0972,0.0907,0.0922,0.0879,0.0820,0.0789,0.0806,0.0787,0.0833,0.0967,0.1029,0.1015,0.0973,0.0967,0.0918
2024-02-16,0.0868,0.0860,0.0845,0.0808,0.0744,0.0795,0.0866,0.0979,0.1050,0.0960,0.0830,0.0808,0.0745,0.0772,0.0745,0.0745,0.0808,0.0872,0.1014,0.1201,0.1139,0.1096,0.1049,0.0993
2024-02-17,0.0805,0.0795,0.0795,0.0782,0.0782,0.0772,0.0772,0.0786,0.0799,0.0776,0.0719,0.0655,0.0632,0.0636,0.0622,0.0600,0.0636,0.0786,0.1045,0.1265,0.1164,0.1110,0.1077,0.1089
2024-02-18,0.0973,0.0907,0.0859,0.0835,0.0817,0.0826,0.0795,0.0833,0.0811,0.0757,0.0719,0.0663,0.0652,0.0636,0.0632,0.0594,0.0619,0.0734,0.0871,0.1023,0.1033,0.0971,0.0939,0.0896
2024-02-19,0.0769,0.0774,0.0777,0.0768,0.0765,0.0738,0.0769,0.0909,0.0961,0.0769,0.0712,0.0607,0.0599,0.0599,0.0591,0.0563,0.0607,0.0760,0.0891,0.1053,0.1129,0.1039,0.0898,0.0891
2024-02-20,0.0766,0.0737,0.0692,0.0680,0.0693,0.0731,0.0820,0.0986,0.0926,0.0816,0.0619,0.0574,0.0576,0.0576,0.0574,0.0587,0.0599,0.0758,0.1134,0.1169,0.2512,0.1729,0.1013,0.0906
2024-02-21,0.0882,0.0839,0.0808,0.0782,0.0791,0.0850,0.0858,0.1095,0.1185,0.0830,0.0655,0.0626,0.0632,0.0591,0.0574,0.0574,0.0617,0.0668,0.0816,0.1017,0.0906,0.0819,0.0766,0.0682
2024-02-22,0.0499,0.0417,0.0388,0.0388,0.0353,0.0353,0.0416,0.0397,0.0416,0.0385,0.0338,0.0323,0.0254,0.0251,0.0251,0.0251,0.0273,0.0324,0.0338,0.0337,0.0360,0.0375,0.0338,0.0282
2024-02-23,0.0332,0.0262,0.0251,0.0233,0.0243,0.0251,0.0296,0.0350,0.0353,0.0296,0.0251,0.0251,0.0248,0.0215,0.0210,0.0210,0.0215,0.0251,0.0352,0.0402,0.0428,0.0443,0.0387,0.0359
2024-02-24,0.0304,0.0273,0.0251,0.0263,0.0273,0.0273,0.0289,0.0314,0.0304,0.0257,0.0251,0.0210,0.0210,0.0210,0.0210,0.0210,0.0210,0.0251,0.0314,0.0411,0.0622,0.0528,0.0388,0.0330
2024-02-25,0.0265,0.0251,0.0251,0.0251,0.0251,0.0248,0.0251,0.0251,0.0251,0.0251,0.0251,0.0251,0.0215,0.0215,0.0215,0.0210,0.0210,0.0239,0.0252,0.0271,0.0299,0.0301,0.0273,0.0251
2024-02-26,0.0251,0.0251,0.0211,0.0211,0.0211,0.0248,0.0251,0.0353,0.0343,0.0252,0.0251,0.0251,0.0215,0.0215,0.0210,0.0210,0.0212,0.0251,0.0251,0.0337,0.0359,0.0337,0.0270,0.0252
2024-02-27,0.0243,0.0223,0.0210,0.0210,0.0210,0.0210,0.0251,0.0266,0.0271,0.0251,0.0215,0.0210,0.0210,0.0210,0.0210,0.0210,0.0215,0.0233,0.0267,0.0337,0.0528,0.0388,0.0293,0.0284
2024-02-28,0.0251,0.0251,0.0251,0.0251,0.0251,0.0251,0.0251,0.0282,0.0285,0.0251,0.0215,0.0210,0.0210,0.0210,0.0210,0.0210,0.0210,0.0251,0.0344,0.0528,0.1061,0.0846,0.0461,0.0353
2024-02-29,0.0396,0.0337,0.0292,0.0286,0.0282,0.0284,0.0281,0.0346,0.0337,0.0285,0.0251,0.0211,0.0210,0.0210,0.0210,0.0210,0.0210,0.0210,0.0252,0.0273,0.0311,0.0290,0.0273,0.0253
2024-03-01,0.0237,0.0216,0.0212,0.0211,0.0210,0.0216,0.0248,0.0251,0.0251,0.0251,0.0210,0.0210,0.0210,0.0210,0.0210,0.0210,0.0210,0.0221,0.0251,0.0282,0.0338,0.0292,0.0273,0.0258
2024-03-02,0.0251,0.0235,0.0216,0.0210,0.0210,0.0210,0.0211,0.0237,0.0237,0.0236,0.0231,0.0210,0.0210,0.0210,0.0210,0.0210,0.0223,0.0237,0.0251,0.0313,0.0607,0.0599,0.0281,0.0263
2024-03-03,0.0233,0.0211,0.0210,0.0210,0.0210,0.0210,0.0210,0.0212,0.0210,0.0210,0.0210,0.0210,0.0210,0.0210,0.0210,0.0210,0.0210,0.0210,0.0236,0.0311,0.0586,0.0599,0.0388,0.0268
2024-03-04,0.0286,0.0251,0.0251,0.0251,0.0250,0.0251,0.0251,0.0464,0.0528,0.0401,0.0307,0.0251,0.0251,0.0247,0.0231,0.0223,0.0239,0.0251,0.0273,0.0388,0.0528,0.0439,0.0369,0.0287
2024-03-05,0.0303,0.0269,0.0269,0.0273,0.0286,0.0315,0.0516,0.0846,0.0991,0.0434,0.0312,0.0268,0.0261,0.0259,0.0259,0.0261,0.0284,0.0426,0.0852,0.1802,0.1857,0.1471,0.1296,0.1137
2024-03-06,0.1113,0.0852,0.0852,0.0846,0.0739,0.0846,0.1045,0.1566,0.1592,0.0528,0.0391,0.0286,0.0262,0.0259,0.0259,0.0259,0.0285,0.0448,0.0739,0.1727,0.1529,0.1229,0.0903,0.0511
2024-03-07,0.0390,0.0272,0.0254,0.0251,0.0251,0.0251,0.0272,0.0388,0.0426,0.0282,0.0259,0.0251,0.0235,0.0215,0.0215,0.0215,0.0220,0.0251,0.0280,0.0524,0.0655,0.0591,0.0413,0.0278
2024-03-08,0.0251,0.0217,0.0214,0.0210,0.0210,0.0212,0.0251,0.0261,0.0261,0.0251,0.0215,0.0210,0.0210,0.0210,0.0210,0.0210,0.0210,0.0241,0.0230,0.0251,0.0286,0.0261,0.0251,0.0215
2024-03-09,0.0210,0.0210,0.0210,0.0210,0.0210,0.0210,0.0210,0.0210,0.0210,0.0212,0.0215,0.0211,0.0210,0.0210,0.0210,0.0210,0.0210,0.0210,0.0212,0.0251,0.0254,0.0251,0.0251,0.0212
2024-03-10,0.0210,0.0210,0.0210,0.0210,0.0210,0.0210,0.0210,0.0210,0.0210,0.0210,0.0210,0.0210,0.0210,0.0210,0.0210,0.0210,0.0210,0.0210,0.0210,0.0250,0.0251,0.0251,0.0251,0.0211
2024-03-11,0.0211,0.0210,0.0210,0.0210,0.0210,0.0210,0.0231,0.0273,0.0251,0.0210,0.0210,0.0210,0.0210,0.0210,0.0210,0.0210,0.0210,0.0210,0.0280,0.1100,0.1329,0.1185,0.1164,0.0542
2024-03-12,0.0655,0.0557,0.0528,0.0523,0.0528,0.0528,0.0973,0.1352,0.1164,0.0464,0.0216,0.0215,0.0212,0.0211,0.0211,0.0215,0.0248,0.0466,0.0973,0.1469,0.2421,0.1709,0.1107,0.0998
2024-03-13,0.0911,0.0655,0.0542,0.0516,0.0525,0.0529,0.0942,0.1329,0.1313,0.0491,0.0337,0.0251,0.0248,0.0239,0.0235,0.0239,0.0251,0.0485,0.1182,0.1466,0.1918,0.1342,0.1078,0.0942
2024-03-14,0.0687,0.0605,0.0542,0.0523,0.0523,0.0605,0.0678,0.1327,0.1100,0.0655,0.0605,0.0362,0.0340,0.0326,0.0254,0.0251,0.0326,0.0486,0.0655,0.1301,0.1205,0.1009,0.0972,0.0687
2024-03-15,0.0655,0.0556,0.0516,0.0510,0.0476,0.0516,0.0633,0.0870,0.0723,0.0516,0.0405,0.0401,0.0368,0.0349,0.0344,0.0344,0.0403,0.0528,0.0719,0.1329,0.1782,0.1609,0.1162,0.0841
2024-03-16,0.0784,0.0748,0.0693,0.0662,0.0655,0.0733,0.0824,0.0686,0.0546,0.0398,0.0343,0.0279,0.0251,0.0251,0.0223,0.0215,0.0264,0.0381,0.0591,0.1234,0.1261,0.1143,0.0859,0.0662
2024-03-17,0.0655,0.0591,0.0530,0.0530,0.0530,0.0528,0.0483,0.0515,0.0353,0.0354,0.0333,0.0215,0.0215,0.0215,0.0215,0.0215,0.0333,0.0400,0.0655,0.1227,0.1201,0.1130,0.1127,0.1048
2024-03-18,0.1025,0.0850,0.0831,0.0831,0.0795,0.0773,0.0995,0.1414,0.1411,0.0879,0.0745,0.0655,0.0655,0.0655,0.0655,0.0661,0.0768,0.0817,0.1144,0.1802,0.1663,0.1429,0.1199,0.1107
2024-03-19,0.1089,0.1037,0.0949,0.0924,0.0884,0.0957,0.1179,0.1503,0.1429,0.0949,0.0684,0.0658,0.0655,0.0655,0.0655,0.0655,0.0662,0.0903,0.1184,0.1850,0.1609,0.1380,0.1250,0.1178
2024-03-20,0.1100,0.1082,0.0983,0.0853,0.0755,0.0948,0.1075,0.1334,0.1294,0.0995,0.0664,0.0655,0.0633,0.0553,0.0557,0.0575,0.0644,0.0660,0.0986,0.1444,0.1491,0.1218,0.1075,0.0846
2024-03-21,0.0655,0.0648,0.0642,0.0644,0.0643,0.0655,0.0655,0.0922,0.0782,0.0655,0.0591,0.0430,0.0413,0.0388,0.0348,0.0345,0.0413,0.0542,0.0655,0.1105,0.1278,0.1048,0.0820,0.0719
2024-03-22,0.0528,0.0466,0.0429,0.0422,0.0450,0.0528,0.0655,0.0835,0.0655,0.0464,0.0394,0.0299,0.0252,0.0241,0.0224,0.0250,0.0252,0.0397,0.0655,0.0939,0.0896,0.0655,0.0581,0.0408
2024-03-23,0.0251,0.0248,0.0221,0.0244,0.0236,0.0235,0.0237,0.0239,0.0215,0.0210,0.0210,0.0210,0.0210,0.0210,0.0210,0.0210,0.0210,0.0215,0.0250,0.0251,0.0324,0.0301,0.0251,0.0251
2024-03-24,0.0212,0.0210,0.0210,0.0210,0.0210,0.0210,0.0210,0.0211,0.0210,0.0210,0.0210,0.0210,0.0210,0.0210,0.0210,0.0210,0.0210,0.0215,0.0251,0.0422,0.0655,0.0655,0.0655,0.0655
2024-03-25,0.0655,0.0591,0.0569,0.0598,0.0570,0.0648,0.0655,0.1173,0.0960,0.0655,0.0464,0.0379,0.0365,0.0261,0.0251,0.0237,0.0250,0.0251,0.0251,0.0464,0.0655,0.0580,0.0429,0.0374
2024-03-26,0.0251,0.0250,0.0229,0.0223,0.0222,0.0222,0.0251,0.0261,0.0251,0.0225,0.0212,0.0210,0.0210,0.0210,0.0210,0.0210,0.0210,0.0217,0.0235,0.0273,0.0388,0.0305,0.0251,0.0231
2024-03-27,0.0251,0.0217,0.0210,0.0210,0.0210,0.0210,0.0211,0.0217,0.0215,0.0212,0.0210,0.0210,0.0210,0.0210,0.0210,0.0210,0.0210,0.0210,0.0215,0.0250,0.0251,0.0251,0.0248,0.0211
2024-03-28,0.0215,0.0210,0.0210,0.0210,0.0210,0.0210,0.0210,0.0214,0.0212,0.0210,0.0210,0.0210,0.0210,0.0210,0.0210,0.0210,0.0210,0.0210,0.0217,0.0251,0.0251,0.0251,0.0251,0.0229
2024-03-29,0.0235,0.0217,0.0216,0.0216,0.0217,0.0223,0.0235,0.0249,0.0229,0.0223,0.0221,0.0220,0.0217,0.0216,0.0216,0.0215,0.0215,0.0216,0.0251,0.0297,0.0432,0.0482,0.0413,0.0402
2024-03-30,0.0345,0.0295,0.0272,0.0251,0.0251,0.0261,0.0286,0.0274,0.0251,0.0223,0.0217,0.0215,0.0215,0.0215,0.0215,0.0215,0.0216,0.0229,0.0254,0.0329,0.0422,0.0417,0.0295,0.0253
2024-03-31,0.0251,0.0231,0.0216,0.0216,0.0216,0.0217,0.0216,0.0217,0.0216,0.0216,0.0215,0.0210,0.0210,0.0210,0.0210,0.0210,0.0210,0.0210,0.0210,0.0231,0.0251,0.0251,0.0231,
2024-04-01,0.0219,0.0210,0.0210,0.0210,0.0210,0.0210,0.0212,0.0225,0.0222,0.0212,0.0210,0.0210,0.0210,0.0210,0.0210,0.0210,0.0210,0.0210,0.0210,0.0215,0.0354,0.0482,0.0432,0.0370
2024-04-02,0.0256,0.0251,0.0251,0.0231,0.0235,0.0251,0.0464,0.0655,0.0655,0.0337,0.0231,0.0215,0.0215,0.0210,0.0210,0.0210,0.0210,0.0222,0.0245,0.0320,0.0654,0.0655,0.0586,0.0273
2024-04-03,0.0251,0.0231,0.0227,0.0223,0.0211,0.0223,0.0251,0.0567,0.0654,0.0280,0.0235,0.0215,0.0210,0.0210,0.0210,0.0210,0.0210,0.0210,0.0215,0.0296,0.0655,0.0655,0.0612,0.0533
2024-04-04,0.0243,0.0215,0.0251,0.0273,0.0251,0.0251,0.0251,0.0352,0.0381,0.0257,0.0215,0.0210,0.0210,0.0210,0.0210,0.0210,0.0210,0.0210,0.0210,0.0251,0.0337,0.0528,0.0268,0.0251
2024-04-05,0.0215,0.0216,0.0210,0.0210,0.0210,0.0210,0.0215,0.0251,0.0248,0.0210,0.0210,0.0210,0.0210,0.0210,0.0210,0.0210,0.0210,0.0210,0.0210,0.0210,0.0210,0.0235,0.0223,0.0210
2024-04-06,0.0210,0.0210,0.0210,0.0210,0.0210,0.0210,0.0210,0.0210,0.0210,0.0210,0.0210,0.0210,0.0210,0.0210,0.0210,0.0210,0.0210,0.0210,0.0210,0.0210,0.0251,0.0312,0.0254,0.0251
2024-04-07,0.0222,0.0212,0.0210,0.0210,0.0210,0.0210,0.0210,0.0210,0.0210,0.0210,0.0210,0.0210,0.0210,0.0210,0.0210,0.0210,0.0210,0.0210,0.0210,0.0215,0.0528,0.0655,0.0528,0.0345
2024-04-08,0.0227,0.0210,0.0210,0.0210,0.0210,0.0210,0.0210,0.0251,0.0251,0.0210,0.0210,0.0210,0.0210,0.0210,0.0210,0.0210,0.0210,0.0210,0.0210,0.0210,0.0215,0.0251,0.0223,0.0210
2024-04-09,0.0210,0.0210,0.0210,0.0210,0.0210,0.0210,0.0210,0.0210,0.0210,0.0210,0.0210,0.0210,0.0210,0.0210,0.0210,0.0210,0.0210,0.0210,0.0210,0.0210,0.0273,0.0397,0.0291,0.0273
2024-04-10,0.0263,0.0251,0.0223,0.0215,0.0214,0.0223,0.0237,0.0655,0.0308,0.0210,0.0210,0.0209,0.0209,0.0209,0.0209,0.0209,0.0209,0.0209,0.0210,0.0210,0.0286,0.0648,0.0273,0.0251
2024-04-11,0.0251,0.0223,0.0210,0.0210,0.0210,0.0229,0.0256,0.0495,0.0427,0.0210,0.0210,0.0210,0.0210,0.0210,0.0210,0.0210,0.0210,0.0210,0.0210,0.0272,0.0973,0.1112,0.1100,0.0643
2024-04-12,0.0512,0.0405,0.0369,0.0362,0.0369,0.0425,0.0636,0.1208,0.1152,0.0284,0.0210,0.0210,0.0210,0.0209,0.0209,0.0209,0.0209,0.0210,0.0210,0.0410,0.0710,0.1154,0.0694,0.0549
2024-04-13,0.0517,0.0435,0.0428,0.0351,0.0308,0.0296,0.0342,0.0359,0.0379,0.0210,0.0210,0.0209,0.0209,0.0209,0.0207,0.0205,0.0205,0.0209,0.0210,0.0251,0.0527,0.0655,0.0518,0.0386
2024-04-14,0.0283,0.0245,0.0231,0.0229,0.0251,0.0291,0.0373,0.0375,0.0281,0.0210,0.0203,0.0197,0.0197,0.0197,0.0197,0.0197,0.0197,0.0207,0.0210,0.0242,0.0444,0.0601,0.0461,0.0426
2024-04-15,0.0303,0.0251,0.0232,0.0215,0.0210,0.0211,0.0223,0.0347,0.0448,0.0229,0.0210,0.0210,0.0210,0.0209,0.0209,0.0206,0.0197,0.0209,0.0210,0.0215,0.0337,0.0461,0.0286,0.0263
2024-04-16,0.0215,0.0210,0.0210,0.0210,0.0210,0.0210,0.0211,0.0286,0.0267,0.0210,0.0210,0.0210,0.0209,0.0209,0.0209,0.0209,0.0208,0.0209,0.0210,0.0210,0.0263,0.0337,0.0273,0.0251
2024-04-17,0.0251,0.0251,0.0232,0.0226,0.0223,0.0229,0.0251,0.0461,0.0273,0.0215,0.0210,0.0210,0.0210,0.0209,0.0209,0.0209,0.0209,0.0210,0.0210,0.0215,0.0286,0.0494,0.0286,0.0251
2024-04-18,0.0251,0.0247,0.0238,0.0235,0.0232,0.0235,0.0251,0.0477,0.0286,0.0232,0.0210,0.0210,0.0210,0.0210,0.0210,0.0210,0.0210,0.0210,0.0210,0.0235,0.0365,0.0601,0.0391,0.0256
2024-04-19,0.0376,0.0365,0.0370,0.0385,0.0325,0.0434,0.0537,0.0655,0.0655,0.0319,0.0252,0.0251,0.0217,0.0210,0.0210,0.0210,0.0210,0.0242,0.0307,0.0489,0.0655,0.0687,0.0655,0.0655
2024-04-20,0.0524,0.0337,0.0355,0.0337,0.0332,0.0299,0.0306,0.0317,0.0304,0.0237,0.0215,0.0210,0.0210,0.0210,0.0210,0.0209,0.0209,0.0210,0.0210,0.0251,0.0310,0.0337,0.0319,0.0306
2024-04-21,0.0251,0.0251,0.0251,0.0251,0.0251,0.0251,0.0256,0.0305,0.0251,0.0215,0.0210,0.0210,0.0209,0.0194,0.0191,0.0191,0.0193,0.0207,0.0210,0.0215,0.0252,0.0323,0.0305,0.0256
2024-04-22,0.0248,0.0235,0.0224,0.0223,0.0216,0.0223,0.0224,0.0251,0.0224,0.0210,0.0210,0.0210,0.0209,0.0209,0.0209,0.0207,0.0206,0.0209,0.0210,0.0216,0.0286,0.0373,0.0307,0.0280
2024-04-23,0.0288,0.0256,0.0251,0.0252,0.0256,0.0273,0.0294,0.0464,0.0298,0.0216,0.0210,0.0210,0.0210,0.0210,0.0210,0.0210,0.0210,0.0210,0.0210,0.0223,0.0365,0.0655,0.0526,0.0314
2024-04-24,0.0505,0.0414,0.0363,0.0353,0.0346,0.0362,0.0430,0.0638,0.0526,0.0273,0.0223,0.0210,0.0210,0.0210,0.0210,0.0210,0.0210,0.0210,0.0251,0.0526,0.0655,0.1501,0.1213,0.0655
2024-04-25,0.0694,0.0655,0.0655,0.0655,0.0655,0.0655,0.0702,0.1482,0.1060,0.0655,0.0553,0.0493,0.0455,0.0409,0.0337,0.0299,0.0286,0.0329,0.0493,0.0624,0.1337,0.1608,0.1372,0.1224
2024-04-26,0.1226,0.1151,0.1038,0.1152,0.1190,0.1150,0.1378,0.1533,0.1432,0.1241,0.0659,0.0655,0.0639,0.0607,0.0479,0.0466,0.0426,0.0467,0.0526,0.0655,0.0954,0.1432,0.1246,0.0884
2024-04-27,0.0819,0.0719,0.0655,0.0655,0.0655,0.0655,0.0655,0.0645,0.0591,0.0406,0.0303,0.0251,0.0210,0.0210,0.0210,0.0210,0.0210,0.0210,0.0215,0.0400,0.0789,0.1040,0.1008,0.0954
2024-04-28,0.0927,0.0705,0.0714,0.0655,0.0655,0.0661,0.0665,0.0677,0.0655,0.0400,0.0215,0.0210,0.0210,0.0210,0.0210,0.0210,0.0210,0.0210,0.0473,0.0655,0.0959,0.1209,0.1128,0.0981
2024-04-29,0.1013,0.0974,0.0959,0.0959,0.0922,0.0954,0.0874,0.1510,0.1434,0.0970,0.0789,0.0677,0.0656,0.0655,0.0655,0.0655,0.0655,0.0658,0.0728,0.0980,0.1319,0.1455,0.1275,0.1097
2024-04-30,0.1148,0.0945,0.0960,0.1085,0.1034,0.1191,0.1296,0.1473,0.1283,0.0948,0.0731,0.0655,0.0569,0.0402,0.0432,0.0453,0.0432,0.0469,0.0616,0.0824,0.0974,0.1277,0.1113,0.1037
2024-05-01,0.0655,0.0655,0.0478,0.0461,0.0437,0.0437,0.0451,0.0437,0.0312,0.0248,0.0210,0.0209,0.0209,0.0197,0.0194,0.0193,0.0193,0.0208,0.0210,0.0215,0.0452,0.0655,0.0635,0.0511
2024-05-02,0.0395,0.0349,0.0337,0.0309,0.0312,0.0349,0.0501,0.0655,0.0655,0.0349,0.0251,0.0242,0.0233,0.0233,0.0210,0.0215,0.0223,0.0215,0.0278,0.0434,0.0660,0.0962,0.0768,0.0663
2024-05-03,0.0655,0.0655,0.0655,0.0655,0.0655,0.0648,0.0655,0.0731,0.0655,0.0577,0.0416,0.0273,0.0287,0.0273,0.0251,0.0242,0.0215,0.0251,0.0325,0.0565,0.0719,0.1056,0.0846,0.0744
2024-05-04,0.0655,0.0631,0.0565,0.0450,0.0416,0.0450,0.0493,0.0543,0.0416,0.0237,0.0210,0.0210,0.0210,0.0210,0.0210,0.0210,0.0210,0.0210,0.0210,0.0251,0.0591,0.0655,0.0655,0.0655
2024-05-05,0.0591,0.0552,0.0517,0.0498,0.0501,0.0525,0.0552,0.0536,0.0423,0.0251,0.0234,0.0215,0.0210,0.0209,0.0202,0.0209,0.0210,0.0210,0.0251,0.0287,0.0590,0.0901,0.0866,0.0848
2024-05-06,0.1019,0.0922,0.0870,0.0896,0.0860,0.0896,0.0936,0.1279,0.1315,0.0993,0.0784,0.0655,0.0450,0.0337,0.0287,0.0273,0.0264,0.0273,0.0336,0.0688,0.1165,0.1452,0.1395,0.1284
2024-05-07,0.1249,0.1197,0.1161,0.1078,0.1060,0.1089,0.1176,0.1480,0.1172,0.0655,0.0337,0.0256,0.0210,0.0210,0.0210,0.0210,0.0210,0.0210,0.0210,0.0655,0.0924,0.1068,0.0998,0.0846
2024-05-08,0.0591,0.0467,0.0457,0.0430,0.0457,0.0447,0.0478,0.0655,0.0591,0.0447,0.0337,0.0293,0.0251,0.0251,0.0251,0.0251,0.0251,0.0256,0.0337,0.0521,0.0712,0.1016,0.0901,0.0870
2024-05-09,0.0655,0.0655,0.0655,0.0655,0.0655,0.0655,0.0812,0.1085,0.0721,0.0590,0.0350,0.0251,0.0215,0.0215,0.0215,0.0215,0.0232,0.0285,0.0401,0.0655,0.1138,0.1540,0.1378,0.1046
2024-05-10,0.0782,0.0728,0.0718,0.0693,0.0700,0.0730,0.0935,0.1173,0.0730,0.0502,0.0364,0.0251,0.0222,0.0215,0.0215,0.0221,0.0251,0.0290,0.0334,0.0401,0.0712,0.1173,0.0811,0.0721
2024-05-11,0.0704,0.0655,0.0655,0.0655,0.0655,0.0655,0.0655,0.0655,0.0567,0.0291,0.0210,0.0210,0.0210,0.0210,0.0210,0.0207,0.0205,0.0210,0.0251,0.0351,0.0655,0.0769,0.0739,0.0737
2024-05-12,0.0655,0.0655,0.0655,0.0655,0.0655,0.0655,0.0655,0.0643,0.0240,0.0210,0.0210,0.0200,0.0202,0.0201,0.0201,0.0197,0.0197,0.0210,0.0392,0.0655,0.0713,0.0992,0.0846,0.0715
2024-05-13,0.0655,0.0655,0.0655,0.0643,0.0643,0.0642,0.0655,0.0838,0.0846,0.0694,0.0359,0.0229,0.0210,0.0210,0.0210,0.0210,0.0215,0.0231,0.0251,0.0392,0.0655,0.0694,0.0715,0.0655
2024-05-14,0.0351,0.0273,0.0263,0.0235,0.0210,0.0216,0.0251,0.0490,0.0420,0.0307,0.0210,0.0210,0.0210,0.0210,0.0210,0.0209,0.0210,0.0210,0.0210,0.0251,0.0489,0.0655,0.0655,0.0567
2024-05-15,0.0437,0.0401,0.0363,0.0349,0.0350,0.0420,0.0600,0.0655,0.0591,0.0251,0.0251,0.0212,0.0210,0.0210,0.0210,0.0210,0.0210,0.0210,0.0210,0.0251,0.0500,0.0758,0.0862,0.0655
2024-05-16,0.0891,0.0712,0.0661,0.0655,0.0655,0.0648,0.0655,0.0655,0.0655,0.0591,0.0362,0.0251,0.0251,0.0247,0.0237,0.0216,0.0217,0.0243,0.0251,0.0591,0.0712,0.1736,0.1563,0.1252
2024-05-17,0.1359,0.1231,0.1068,0.0973,0.0853,0.0967,0.1072,0.1516,0.1348,0.0844,0.0655,0.0636,0.0655,0.0469,0.0424,0.0361,0.0345,0.0435,0.0586,0.0692,0.1034,0.1281,0.1347,0.1191
2024-05-18,0.1118,0.1014,0.0784,0.0782,0.0818,0.0822,0.0857,0.0763,0.0616,0.0472,0.0330,0.0219,0.0210,0.0210,0.0210,0.0210,0.0210,0.0272,0.0404,0.0655,0.0788,0.1137,0.1157,0.1051
2024-05-19,0.0949,0.0895,0.0857,0.0846,0.0826,0.0717,0.0734,0.0835,0.0655,0.0295,0.0210,0.0210,0.0210,0.0210,0.0210,0.0202,0.0202,0.0210,0.0273,0.0474,0.0655,0.0869,0.0789,0.0822
2024-05-20,0.0835,0.0769,0.0803,0.0822,0.0825,0.0852,0.0922,0.0958,0.0846,0.0640,0.0382,0.0316,0.0251,0.0224,0.0220,0.0217,0.0251,0.0273,0.0403,0.0640,0.0835,0.0964,0.0943,0.0833
2024-05-21,0.1131,0.1107,0.1089,0.1087,0.1075,0.1085,0.1062,0.1074,0.1137,0.0740,0.0591,0.0449,0.0470,0.0397,0.0333,0.0314,0.0304,0.0397,0.0457,0.0652,0.1008,0.1075,0.1059,0.1012
2024-05-22,0.1126,0.1086,0.1048,0.1053,0.1034,0.1073,0.1010,0.1055,0.0955,0.0701,0.0517,0.0490,0.0487,0.0359,0.0340,0.0251,0.0251,0.0318,0.0529,0.0734,0.0938,0.1159,0.1073,0.1113
2024-05-23,0.1126,0.1114,0.0897,0.1117,0.1114,0.1122,0.1126,0.1235,0.1261,0.1122,0.0836,0.0752,0.0655,0.0655,0.0596,0.0542,0.0544,0.0655,0.0764,0.1114,0.1080,0.1377,0.1384,0.1299
2024-05-24,0.1291,0.1206,0.1196,0.1126,0.1113,0.1241,0.1270,0.1351,0.1314,0.1162,0.0988,0.0822,0.0824,0.0729,0.0677,0.0655,0.0700,0.0733,0.1075,0.1247,0.1390,0.1700,0.1623,0.1480
2024-05-25,0.1417,0.1300,0.1162,0.1126,0.1113,0.1100,0.1117,0.1122,0.0598,0.0521,0.0420,0.0328,0.0251,0.0210,0.0210,0.0210,0.0210,0.0210,0.0235,0.0572,0.1113,0.1234,0.1314,0.1287
2024-05-26,0.0930,0.0893,0.0803,0.0803,0.0846,0.0921,0.0924,0.0665,0.0468,0.0210,0.0210,0.0210,0.0210,0.0210,0.0209,0.0202,0.0202,0.0210,0.0215,0.0423,0.0658,0.0795,0.0916,0.0663
2024-05-27,0.0621,0.0630,0.0604,0.0603,0.0566,0.0602,0.0655,0.0757,0.0655,0.0636,0.0611,0.0542,0.0599,0.0528,0.0493,0.0392,0.0286,0.0435,0.0535,0.0613,0.0655,0.0897,0.0882,0.0656
2024-05-28,0.0655,0.0655,0.0655,0.0655,0.0655,0.0655,0.0734,0.0869,0.0728,0.0655,0.0569,0.0211,0.0211,0.0210,0.0210,0.0210,0.0210,0.0273,0.0312,0.0586,0.0733,0.1112,0.0921,0.0737
2024-05-29,0.0906,0.0731,0.0726,0.0723,0.0728,0.0731,0.0965,0.1037,0.0874,0.0700,0.0579,0.0471,0.0516,0.0444,0.0432,0.0362,0.0350,0.0461,0.0584,0.0655,0.0731,0.1074,0.1099,0.1023
2024-05-30,0.0858,0.0786,0.0758,0.0725,0.0701,0.0754,0.0788,0.0788,0.0701,0.0559,0.0340,0.0258,0.0251,0.0215,0.0210,0.0210,0.0210,0.0210,0.0223,0.0299,0.0687,0.0655,0.0692,0.0596
2024-05-31,0.0337,0.0280,0.0271,0.0251,0.0251,0.0265,0.0295,0.0273,0.0241,0.0210,0.0210,0.0210,0.0210,0.0210,0.0210,0.0210,0.0210,0.0210,0.0210,0.0210,0.0251,0.0303,0.0280,0.0251
2024-06-01,0.0273,0.0251,0.0251,0.0226,0.0211,0.0251,0.0251,0.0251,0.0210,0.0210,0.0210,0.0205,0.0203,0.0205,0.0202,0.0202,0.0201,0.0202,0.0210,0.0210,0.0251,0.0301,0.0317,0.0267
2024-06-02,0.0301,0.0273,0.0265,0.0256,0.0256,0.0273,0.0266,0.0251,0.0210,0.0209,0.0197,0.0186,0.0186,0.0186,0.0186,0.0186,0.0186,0.0197,0.0210,0.0215,0.0354,0.0528,0.0577,0.0381
2024-06-03,0.0326,0.0389,0.0389,0.0369,0.0392,0.0339,0.0655,0.0692,0.0743,0.0655,0.0425,0.0279,0.0267,0.0315,0.0251,0.0227,0.0251,0.0361,0.0655,0.0836,0.1168,0.1509,0.1244,0.1015
2024-06-04,0.1472,0.1389,0.1417,0.1289,0.1417,0.1423,0.2118,0.2443,0.1650,0.1250,0.1100,0.0684,0.0655,0.0655,0.0655,0.0560,0.0591,0.0655,0.0966,0.1064,0.1688,0.2387,0.2207,0.2054
2024-06-05,0.1698,0.1640,0.1609,0.1609,0.1541,0.1573,0.1609,0.1775,0.1739,0.1620,0.1247,0.0909,0.0848,0.0811,0.0655,0.0655,0.0655,0.0908,0.1215,0.1589,0.1788,0.2372,0.1788,0.1650
2024-06-06,0.1529,0.1579,0.1613,0.1603,0.1609,0.1613,0.1646,0.1666,0.1500,0.1280,0.1242,0.1087,0.0998,0.0926,0.0925,0.0921,0.0998,0.1227,0.1355,0.1486,0.1675,0.1766,0.1696,0.1614
2024-06-07,0.1469,0.1456,0.1418,0.1454,0.1454,0.1456,0.1456,0.1479,0.1526,0.1452,0.1204,0.0876,0.0855,0.0783,0.0712,0.0694,0.0694,0.0719,0.0925,0.1263,0.1408,0.1482,0.1481,0.1474
2024-06-08,0.1419,0.1355,0.1302,0.1299,0.1299,0.1302,0.1473,0.1500,0.1486,0.1406,0.1103,0.0864,0.0745,0.0739,0.0657,0.0655,0.0598,0.0532,0.0655,0.0817,0.1291,0.1496,0.1491,0.1355
2024-06-09,0.0657,0.0495,0.0372,0.0317,0.0324,0.0502,0.0337,0.0273,0.0251,0.0210,0.0210,0.0210,0.0210,0.0210,0.0210,0.0210,0.0210,0.0210,0.0251,0.0655,0.0741,0.0957,0.1096,0.0934
2024-06-10,0.1093,0.0661,0.0696,0.0655,0.0655,0.0655,0.0700,0.0910,0.0661,0.0697,0.0657,0.0656,0.0655,0.0655,0.0655,0.0652,0.0652,0.0655,0.0655,0.0726,0.1117,0.1313,0.1119,0.1101
2024-06-11,0.1460,0.1419,0.1289,0.1204,0.1204,0.1296,0.1119,0.1359,0.1458,0.1100,0.0780,0.0748,0.0734,0.0719,0.0655,0.0655,0.0655,0.0657,0.0757,0.1050,0.1114,0.1296,0.1193,0.1102
2024-06-12,0.1267,0.0991,0.0993,0.0974,0.0912,0.0912,0.0973,0.1359,0.1164,0.0750,0.0655,0.0655,0.0655,0.0655,0.0630,0.0366,0.0343,0.0537,0.0719,0.0911,0.1164,0.1499,0.1494,0.1293
2024-06-13,0.1455,0.1394,0.1359,0.1421,0.1504,0.1550,0.1736,0.1863,0.1355,0.1138,0.0655,0.0655,0.0641,0.0337,0.0210,0.0210,0.0210,0.0280,0.0397,0.0661,0.1254,0.1632,0.1606,0.1421
2024-06-14,0.1213,0.1182,0.1173,0.1168,0.1173,0.1202,0.1216,0.1355,0.1219,0.0794,0.0655,0.0365,0.0251,0.0215,0.0210,0.0210,0.0210,0.0210,0.0222,0.0299,0.0655,0.1173,0.1182,0.0838
2024-06-15,0.0694,0.0655,0.0655,0.0655,0.0655,0.0655,0.0655,0.0655,0.0436,0.0210,0.0210,0.0202,0.0207,0.0203,0.0202,0.0201,0.0200,0.0202,0.0210,0.0332,0.0655,0.0739,0.0817,0.0741
2024-06-16,0.0655,0.0655,0.0655,0.0655,0.0655,0.0655,0.0655,0.0445,0.0210,0.0202,0.0197,0.0184,0.0184,0.0184,0.0184,0.0184,0.0184,0.0199,0.0210,0.0251,0.0424,0.0655,0.0735,0.0739
2024-06-17,0.0738,0.0655,0.0655,0.0655,0.0617,0.0655,0.0655,0.0801,0.0801,0.0655,0.0493,0.0251,0.0229,0.0215,0.0210,0.0210,0.0210,0.0215,0.0251,0.0486,0.0800,0.1135,0.1371,0.1008
2024-06-18,0.0868,0.0680,0.0859,0.0879,0.0897,0.1059,0.1433,0.1494,0.1433,0.0889,0.0706,0.0655,0.0571,0.0477,0.0352,0.0345,0.0337,0.0468,0.0655,0.0786,0.1230,0.1788,0.1875,0.1614
2024-06-19,0.1547,0.1481,0.1415,0.1362,0.1362,0.1415,0.1482,0.1664,0.1482,0.1287,0.1160,0.0800,0.0764,0.0680,0.0673,0.0655,0.0655,0.0655,0.0699,0.1225,0.1322,0.1606,0.1596,0.1349
2024-06-20,0.1599,0.1545,0.1520,0.1508,0.1442,0.1409,0.1469,0.1631,0.1520,0.1418,0.1124,0.1012,0.0972,0.0952,0.0991,0.0998,0.0991,0.1000,0.1195,0.1571,0.1676,0.1771,0.1736,0.1640
2024-06-21,0.1516,0.1486,0.1511,0.1511,0.1511,0.1516,0.1482,0.1653,0.1664,0.1545,0.1227,0.0973,0.0990,0.0940,0.0911,0.0759,0.0719,0.0843,0.0932,0.1195,0.1482,0.1671,0.1673,0.1555
2024-06-22,0.1278,0.1184,0.1172,0.1178,0.1173,0.1172,0.1172,0.1017,0.0680,0.0651,0.0369,0.0256,0.0215,0.0210,0.0210,0.0210,0.0210,0.0210,0.0215,0.0655,0.0846,0.1187,0.1470,0.1195
2024-06-23,0.1189,0.0935,0.0797,0.0655,0.0655,0.0655,0.0655,0.0600,0.0334,0.0210,0.0210,0.0208,0.0203,0.0197,0.0185,0.0184,0.0199,0.0201,0.0210,0.0223,0.0655,0.1189,0.1426,0.1229
2024-06-24,0.0869,0.0764,0.0719,0.0660,0.0655,0.0834,0.0910,0.1100,0.0719,0.0655,0.0655,0.0273,0.0256,0.0275,0.0247,0.0210,0.0210,0.0273,0.0652,0.0661,0.1269,0.1702,0.1656,0.1374
2024-06-25,0.1221,0.1416,0.1369,0.1253,0.1353,0.1138,0.1253,0.1459,0.1161,0.1035,0.0664,0.0655,0.0655,0.0655,0.0655,0.0655,0.0655,0.0655,0.0833,0.1189,0.1545,0.1703,0.1696,0.1551
2024-06-26,0.1576,0.1481,0.1422,0.1424,0.1376,0.1445,0.1604,0.1863,0.1678,0.1504,0.1367,0.1304,0.1220,0.1192,0.1147,0.0973,0.0986,0.1253,0.1370,0.1540,0.1686,0.1955,0.1723,0.1609
2024-06-27,0.1508,0.1469,0.1504,0.1537,0.1504,0.1471,0.1644,0.1746,0.1678,0.1508,0.1488,0.1189,0.1037,0.1033,0.0860,0.0791,0.0750,0.0783,0.1017,0.1169,0.1479,0.1686,0.1715,0.1669
2024-06-28,0.1469,0.1482,0.1464,0.1406,0.1398,0.1428,0.1480,0.1484,0.1526,0.1464,0.1380,0.1178,0.0973,0.0808,0.0792,0.0719,0.0655,0.0655,0.0828,0.1335,0.1406,0.1551,0.1651,0.1548
2024-06-29,0.1355,0.1121,0.0814,0.0814,0.0811,0.0808,0.0811,0.0848,0.0811,0.0803,0.0783,0.0655,0.0655,0.0655,0.0337,0.0229,0.0372,0.0615,0.0655,0.0803,0.1143,0.1512,0.1559,0.1494
2024-06-30,0.1519,0.1503,0.1503,0.1503,0.1493,0.1493,0.1479,0.1143,0.0814,0.0770,0.0655,0.0502,0.0337,0.0267,0.0210,0.0210,0.0222,0.0256,0.0559,0.0803,0.0962,0.1503,0.1523,0.1493
2024-07-01,0.1143,0.1066,0.0973,0.1056,0.0848,0.0870,0.0964,0.1324,0.1115,0.0846,0.0776,0.0655,0.0655,0.0655,0.0479,0.0401,0.0339,0.0479,0.0655,0.0837,0.1115,0.1237,0.1472,0.1322
2024-07-02,0.1043,0.0845,0.0715,0.0693,0.0690,0.0732,0.0909,0.1250,0.0994,0.0782,0.0655,0.0603,0.0551,0.0528,0.0438,0.0261,0.0261,0.0349,0.0655,0.0690,0.1159,0.1614,0.1602,0.1354
2024-07-03,0.1408,0.1276,0.1227,0.1126,0.1110,0.1045,0.1291,0.1479,0.1428,0.1176,0.0898,0.0722,0.0655,0.0481,0.0388,0.0320,0.0256,0.0365,0.0646,0.0655,0.1353,0.1577,0.1564,0.1427
2024-07-04,0.1417,0.1227,0.1132,0.1272,0.1227,0.1307,0.1431,0.1480,0.1276,0.0719,0.0271,0.0210,0.0210,0.0210,0.0210,0.0199,0.0199,0.0210,0.0296,0.0749,0.1315,0.1477,0.1463,0.1355
2024-07-05,0.1248,0.1248,0.1245,0.1326,0.1332,0.1355,0.1422,0.1536,0.1373,0.0967,0.0655,0.0579,0.0304,0.0252,0.0252,0.0226,0.0252,0.0431,0.0693,0.1015,0.1262,0.1418,0.1562,0.1360
2024-07-06,0.1494,0.1443,0.1224,0.1124,0.1192,0.1109,0.1109,0.1043,0.0602,0.0210,0.0210,0.0210,0.0203,0.0200,0.0198,0.0197,0.0197,0.0197,0.0199,0.0210,0.0327,0.0733,0.0969,0.0806
2024-07-07,0.0929,0.0832,0.0772,0.0781,0.0772,0.0929,0.0929,0.0931,0.0526,0.0210,0.0203,0.0200,0.0201,0.0210,0.0200,0.0197,0.0197,0.0210,0.0252,0.0667,0.0968,0.1491,0.1540,0.1485
2024-07-08,0.1465,0.1312,0.1303,0.1300,0.1271,0.1303,0.1351,0.1523,0.1489,0.1205,0.0904,0.0730,0.0655,0.0625,0.0617,0.0655,0.0655,0.0744,0.0781,0.1240,0.1523,0.1674,0.1596,0.1456
2024-07-09,0.1430,0.1129,0.1189,0.1141,0.1058,0.1043,0.1227,0.1501,0.1333,0.1110,0.0803,0.0750,0.0639,0.0502,0.0315,0.0408,0.0584,0.0831,0.0982,0.1288,0.1560,0.1737,0.2015,0.1690
2024-07-10,0.1583,0.1568,0.1535,0.1515,0.1506,0.1535,0.1501,0.1589,0.1506,0.1418,0.1037,0.0944,0.0937,0.0860,0.0856,0.0783,0.0783,0.0878,0.1164,0.1476,0.1545,0.1738,0.1888,0.1633
2024-07-11,0.1545,0.1504,0.1504,0.1482,0.1475,0.1481,0.1482,0.1575,0.1494,0.1363,0.1240,0.1081,0.0973,0.0899,0.0871,0.0858,0.0922,0.0943,0.0992,0.1281,0.1504,0.1603,0.1627,0.1445
2024-07-12,0.1291,0.1117,0.1157,0.1007,0.0928,0.0977,0.1100,0.1171,0.1147,0.0833,0.0741,0.0736,0.0738,0.0738,0.0733,0.0668,0.0521,0.0698,0.0738,0.0874,0.1171,0.1354,0.1316,0.1227
2024-07-13,0.1357,0.1305,0.1175,0.1171,0.1215,0.1273,0.1306,0.1310,0.0846,0.0769,0.0337,0.0252,0.0215,0.0215,0.0210,0.0210,0.0210,0.0221,0.0598,0.0838,0.1169,0.1454,0.1577,0.1484
2024-07-14,0.1577,0.1472,0.1456,0.1440,0.1440,0.1423,0.1441,0.1308,0.0795,0.0215,0.0210,0.0202,0.0200,0.0202,0.0202,0.0198,0.0198,0.0210,0.0334,0.0780,0.1158,0.1473,0.1608,0.1455
2024-07-15,0.1350,0.1164,0.0977,0.0977,0.0970,0.0972,0.1056,0.1353,0.1255,0.0999,0.0712,0.0411,0.0287,0.0257,0.0259,0.0305,0.0286,0.0388,0.0719,0.0973,0.1227,0.1593,0.1601,0.1414
2024-07-16,0.1551,0.1445,0.1445,0.1444,0.1445,0.1483,0.1465,0.1583,0.1462,0.1313,0.1142,0.0993,0.0991,0.0991,0.0977,0.0972,0.0970,0.0975,0.1072,0.1412,0.1598,0.1800,0.1673,0.1465
2024-07-17,0.1504,0.1431,0.1383,0.1417,0.1434,0.1434,0.1571,0.1650,0.1554,0.1451,0.1401,0.1164,0.1118,0.1102,0.1100,0.1097,0.1096,0.1102,0.1325,0.1541,0.1682,0.1803,0.1825,0.1673
2024-07-18,0.1585,0.1488,0.1436,0.1432,0.1433,0.1450,0.1575,0.1634,0.1573,0.1400,0.1405,0.1367,0.1308,0.1286,0.1266,0.1217,0.1227,0.1355,0.1518,0.1752,0.1864,0.1968,0.1790,0.1650
2024-07-19,0.1590,0.1563,0.1532,0.1532,0.1532,0.1556,0.1606,0.1688,0.1594,0.1494,0.1424,0.1276,0.1232,0.1209,0.1201,0.1164,0.1084,0.1203,0.1292,0.1458,0.1633,0.1752,0.1672,0.1598
2024-07-20,0.1503,0.1465,0.1495,0.1465,0.1442,0.1431,0.1415,0.1391,0.1071,0.0846,0.0337,0.0230,0.0215,0.0210,0.0210,0.0210,0.0210,0.0210,0.0234,0.0288,0.0974,0.1328,0.1333,0.1236
2024-07-21,0.1074,0.0843,0.0747,0.0762,0.0659,0.0602,0.0617,0.0650,0.0529,0.0216,0.0210,0.0210,0.0210,0.0209,0.0207,0.0210,0.0210,0.0210,0.0211,0.0529,0.0960,0.1418,0.1424,0.1405
2024-07-22,0.1412,0.1366,0.1227,0.1202,0.1180,0.1253,0.1383,0.1432,0.1416,0.1016,0.0924,0.0909,0.0918,0.0923,0.0924,0.0921,0.0919,0.0926,0.1016,0.1371,0.1565,0.1909,0.1665,0.1535
2024-07-23,0.1507,0.1478,0.1431,0.1431,0.1464,0.1507,0.1532,0.1559,0.1514,0.1365,0.1109,0.1052,0.1100,0.1128,0.1153,0.1109,0.1109,0.1227,0.1282,0.1482,0.1565,0.1764,0.1609,0.1559
2024-07-24,0.1537,0.1482,0.1456,0.1470,0.1482,0.1513,0.1582,0.1617,0.1549,0.1387,0.1288,0.1176,0.1227,0.1253,0.1227,0.1174,0.1168,0.1176,0.1177,0.1470,0.1596,0.1788,0.1631,0.1572
2024-07-25,0.1550,0.1482,0.1477,0.1492,0.1502,0.1530,0.1553,0.1617,0.1507,0.1164,0.1110,0.1100,0.1112,0.1114,0.1110,0.1016,0.0962,0.0964,0.1112,0.1315,0.1564,0.1692,0.1659,0.1580
2024-07-26,0.1551,0.1542,0.1537,0.1542,0.1545,0.1548,0.1561,0.1610,0.1558,0.1518,0.1278,0.1176,0.1167,0.1164,0.1136,0.1125,0.1115,0.1136,0.1176,0.1418,0.1574,0.1764,0.1659,0.1602
2024-07-27,0.1565,0.1589,0.1539,0.1559,0.1559,0.1559,0.1586,0.1580,0.1510,0.1138,0.0960,0.0954,0.0668,0.0436,0.0438,0.0449,0.0401,0.0611,0.0912,0.1073,0.1522,0.1710,0.1675,0.1540
2024-07-28,0.1588,0.1548,0.1467,0.1506,0.1506,0.1518,0.1533,0.1531,0.1100,0.0846,0.0215,0.0210,0.0210,0.0210,0.0210,0.0210,0.0210,0.0212,0.0735,0.1060,0.1551,0.1685,0.1806,0.1700
2024-07-29,0.1655,0.1621,0.1570,0.1563,0.1570,0.1570,0.1598,0.1635,0.1640,0.1633,0.1627,0.1570,0.1537,0.1482,0.1470,0.1393,0.1400,0.1517,0.1563,0.1579,0.1637,0.1927,0.1851,0.1634
2024-07-30,0.1611,0.1594,0.1581,0.1588,0.1590,0.1596,0.1598,0.1627,0.1610,0.1561,0.1335,0.1176,0.1171,0.1164,0.1164,0.1080,0.1024,0.1151,0.1275,0.1587,0.1647,0.2022,0.2022,0.1698
2024-07-31,0.1683,0.1636,0.1623,0.1636,0.1640,0.1647,0.1677,0.1717,0.1677,0.1623,0.1545,0.1305,0.1254,0.1252,0.1249,0.1227,0.1222,0.1225,0.1410,0.1623,0.1705,0.2022,0.1894,0.1698
2024-08-01,0.1698,0.1649,0.1639,0.1642,0.1642,0.1646,0.1696,0.1745,0.1696,0.1645,0.1633,0.1456,0.1392,0.1390,0.1342,0.1266,0.1250,0.1250,0.1410,0.1599,0.1706,0.1897,0.1806,0.1700
2024-08-02,0.1658,0.1663,0.1630,0.1642,0.1630,0.1630,0.1642,0.1660,0.1608,0.1538,0.1171,0.1039,0.1098,0.0973,0.0949,0.0877,0.0845,0.0957,0.1037,0.1329,0.1660,0.1845,0.1820,0.1677
2024-08-03,0.1728,0.1686,0.1658,0.1658,0.1639,0.1643,0.1664,0.1681,0.1520,0.1079,0.0622,0.0469,0.0396,0.0291,0.0273,0.0338,0.0340,0.0464,0.0957,0.1227,0.1755,0.1946,0.1882,0.1820
2024-08-04,0.1677,0.1645,0.1558,0.1628,0.1633,0.1650,0.1656,0.1654,0.1455,0.1076,0.0401,0.0236,0.0215,0.0268,0.0337,0.0235,0.0228,0.0490,0.1016,0.1265,0.1780,0.2026,0.2044,0.1902
2024-08-05,0.1736,0.1691,0.1662,0.1685,0.1685,0.1711,0.1752,0.1814,0.1774,0.1701,0.1662,0.1337,0.1266,0.1260,0.1254,0.1247,0.1246,0.1252,0.1312,0.1721,0.1855,0.2129,0.1990,0.1817
2024-08-06,0.1669,0.1607,0.1482,0.1616,0.1610,0.1651,0.1732,0.1863,0.1740,0.1616,0.1516,0.1355,0.1275,0.1271,0.1268,0.1258,0.1257,0.1268,0.1360,0.1651,0.1777,0.1893,0.1814,0.1709
2024-08-07,0.1574,0.1574,0.1573,0.1573,0.1418,0.1513,0.1545,0.1674,0.1513,0.1329,0.1211,0.1222,0.1241,0.1253,0.1259,0.1222,0.1222,0.1253,0.1281,0.1342,0.1688,0.1849,0.1767,0.1680
2024-08-08,0.1580,0.1530,0.1461,0.1505,0.1505,0.1506,0.1580,0.1674,0.1581,0.1597,0.1342,0.1267,0.1266,0.1266,0.1266,0.1253,0.1253,0.1319,0.1437,0.1615,0.1679,0.1991,0.1819,0.1634
2024-08-09,0.1711,0.1697,0.1631,0.1699,0.1638,0.1615,0.1697,0.1721,0.1697,0.1624,0.1291,0.1250,0.1249,0.1249,0.1247,0.1227,0.1227,0.1242,0.1254,0.1452,0.1651,0.1834,0.1740,0.1624
2024-08-10,0.1603,0.1545,0.1469,0.1707,0.1673,0.1678,0.1697,0.1709,0.1651,0.1087,0.0369,0.0215,0.0215,0.0234,0.0240,0.0216,0.0216,0.0252,0.0846,0.1249,0.1678,0.1832,0.1791,0.1645
2024-08-11,0.1726,0.1694,0.1545,0.1606,0.1585,0.1609,0.1650,0.1609,0.1412,0.0846,0.0210,0.0210,0.0210,0.0210,0.0210,0.0210,0.0210,0.0262,0.0673,0.1234,0.1690,0.1845,0.1943,0.1769
2024-08-12,0.1669,0.1571,0.1533,0.1609,0.1610,0.1727,0.1740,0.1841,0.1747,0.1691,0.1450,0.1268,0.1253,0.1253,0.1250,0.1244,0.1229,0.1254,0.1362,0.1700,0.1799,0.1941,0.1847,0.1750
2024-08-13,0.1686,0.1673,0.1609,0.1684,0.1650,0.1609,0.1686,0.1806,0.1709,0.1544,0.1565,0.1431,0.1355,0.1329,0.1291,0.1245,0.1228,0.1285,0.1431,0.1501,0.1720,0.1869,0.1853,0.1748
2024-08-14,0.1673,0.1592,0.1541,0.1548,0.1401,0.1410,0.1475,0.1651,0.1607,0.1355,0.1164,0.1035,0.1031,0.1036,0.1035,0.1016,0.0973,0.1023,0.1100,0.1298,0.1596,0.1663,0.1590,0.1408
2024-08-15,0.1154,0.0995,0.0995,0.0989,0.0989,0.0989,0.0991,0.0994,0.0841,0.0256,0.0210,0.0210,0.0210,0.0210,0.0210,0.0210,0.0210,0.0229,0.0413,0.0998,0.1452,0.1700,0.1640,0.1460
2024-08-16,0.1559,0.1538,0.1355,0.1333,0.1523,0.1542,0.1553,0.1660,0.1489,0.1100,0.1022,0.1016,0.0963,0.0896,0.0855,0.0926,0.1001,0.1016,0.1042,0.1526,0.1722,0.1860,0.1783,0.1687
2024-08-17,0.1660,0.1646,0.1652,0.1618,0.1552,0.1501,0.1490,0.1496,0.1355,0.1122,0.1075,0.0880,0.0761,0.0685,0.0651,0.0688,0.0818,0.0923,0.1082,0.1322,0.1532,0.1736,0.1650,0.1546
2024-08-18,0.1730,0.1630,0.1531,0.1398,0.1291,0.1285,0.1220,0.1179,0.1012,0.0728,0.0215,0.0210,0.0210,0.0210,0.0210,0.0210,0.0210,0.0210,0.0252,0.0998,0.1348,0.1613,0.1630,0.1478
2024-08-19,0.1376,0.1184,0.1161,0.1175,0.1172,0.1227,0.1292,0.1685,0.1697,0.1642,0.1257,0.1155,0.1100,0.1087,0.1087,0.1063,0.1100,0.1220,0.1520,0.1689,0.1860,0.2213,0.1880,0.1800
2024-08-20,0.1734,0.1650,0.1735,0.1708,0.1699,0.1673,0.1746,0.1801,0.1746,0.1441,0.1119,0.1016,0.1039,0.1077,0.1039,0.1012,0.0973,0.0998,0.1016,0.1418,0.1609,0.1755,0.1658,0.1566
2024-08-21,0.1549,0.1263,0.1230,0.1039,0.0973,0.1039,0.1256,0.1542,0.1344,0.0938,0.0312,0.0276,0.0305,0.0719,0.0885,0.0979,0.1041,0.1232,0.1460,0.1632,0.1853,0.2309,0.2122,0.1872
2024-08-22,0.1740,0.1682,0.1721,0.1722,0.1721,0.1721,0.1749,0.1821,0.1749,0.1704,0.1530,0.1258,0.1243,0.1256,0.1240,0.1207,0.1204,0.1240,0.1308,0.1704,0.1889,0.2302,0.1962,0.1755
2024-08-23,0.1683,0.1653,0.1599,0.1694,0.1694,0.1683,0.1701,0.1798,0.1728,0.1694,0.1544,0.1257,0.1251,0.1257,0.1249,0.1189,0.1201,0.1255,0.1542,0.1692,0.1798,0.2006,0.1812,0.1740
2024-08-24,0.1675,0.1659,0.1544,0.1596,0.1466,0.1456,0.1525,0.1557,0.1264,0.0401,0.0210,0.0210,0.0210,0.0210,0.0210,0.0210,0.0210,0.0252,0.0423,0.1118,0.1525,0.1693,0.1466,0.1360
2024-08-25,0.1100,0.0928,0.0846,0.0744,0.0312,0.0299,0.0388,0.0388,0.0252,0.0210,0.0201,0.0198,0.0201,0.0210,0.0210,0.0210,0.0210,0.0215,0.0390,0.1118,0.1406,0.1608,0.1518,0.1399
2024-08-26,0.1445,0.1294,0.1164,0.1162,0.1162,0.1170,0.1545,0.1764,0.1736,0.1266,0.1036,0.1016,0.1036,0.1150,0.1162,0.1152,0.1149,0.1295,0.1619,0.1736,0.1826,0.2245,0.1863,0.1794
2024-08-27,0.1853,0.1771,0.1723,0.1723,0.1639,0.1609,0.1669,0.1788,0.1731,0.1619,0.1408,0.1243,0.1196,0.1196,0.1176,0.1164,0.1168,0.1328,0.1660,0.1785,0.1801,0.2158,0.1784,0.1723
2024-08-28,0.1773,0.1728,0.1708,0.1719,0.1719,0.1719,0.1698,0.1791,0.1746,0.1721,0.1557,0.1274,0.1230,0.1227,0.1191,0.1164,0.1253,0.1410,0.1587,0.1776,0.1810,0.1972,0.1735,0.1628
2024-08-29,0.1792,0.1723,0.1700,0.1717,0.1721,0.1734,0.1793,0.1844,0.1849,0.1736,0.1645,0.1667,0.1576,0.1623,0.1700,0.1660,0.1660,0.1596,0.1709,0.1840,0.1889,0.1965,0.1844,0.1796
2024-08-30,0.1762,0.1738,0.1624,0.1738,0.1729,0.1688,0.1776,0.1851,0.1812,0.1806,0.1694,0.1476,0.1384,0.1384,0.1379,0.1378,0.1381,0.1558,0.1736,0.1806,0.1889,0.1991,0.1889,0.1848
2024-08-31,0.1844,0.1798,0.1752,0.1730,0.1736,0.1792,0.1816,0.1816,0.1844,0.1795,0.1684,0.1350,0.1297,0.1332,0.1328,0.1294,0.1330,0.1482,0.1721,0.1830,0.1901,0.2170,0.2063,0.1927
2024-09-01,0.1914,0.1853,0.1811,0.1791,0.1770,0.1754,0.1788,0.1798,0.1648,0.1490,0.1208,0.0871,0.0757,0.0757,0.0802,0.0593,0.0578,0.1245,0.1477,0.1782,0.1914,0.2013,0.1987,0.1852
2024-09-02,0.1891,0.1838,0.1801,0.1736,0.1717,0.1768,0.1827,0.1888,0.1883,0.1774,0.1608,0.1367,0.1353,0.1358,0.1356,0.1379,0.1430,0.1544,0.1763,0.1863,0.1965,0.1921,0.1847,0.1771
2024-09-03,0.1798,0.1765,0.1666,0.1583,0.1545,0.1561,0.1682,0.1800,0.1914,0.1685,0.1467,0.1355,0.1291,0.1267,0.1287,0.1319,0.1305,0.1361,0.1506,0.1748,0.1876,0.1863,0.1820,0.1675
2024-09-04,0.1588,0.1473,0.1412,0.1498,0.1494,0.1456,0.1600,0.1765,0.1830,0.1711,0.1348,0.1227,0.1170,0.1176,0.1107,0.0984,0.0871,0.0885,0.1189,0.1520,0.1772,0.1793,0.1700,0.1590
2024-09-05,0.1545,0.1554,0.1473,0.1474,0.1431,0.1482,0.1711,0.1798,0.1800,0.1652,0.1386,0.1289,0.1289,0.1289,0.1287,0.1242,0.1285,0.1327,0.1554,0.1713,0.1859,0.1914,0.1798,0.1713
2024-09-06,0.1634,0.1596,0.1524,0.1456,0.1451,0.1456,0.1609,0.1685,0.1673,0.1510,0.1294,0.1164,0.1016,0.0798,0.0607,0.0551,0.0459,0.0764,0.1103,0.1538,0.1670,0.1713,0.1640,0.1598
2024-09-07,0.1702,0.1691,0.1524,0.1524,0.1496,0.1473,0.1533,0.1594,0.1541,0.1201,0.0865,0.0252,0.0252,0.0223,0.0215,0.0252,0.0388,0.0849,0.1270,0.1692,0.1940,0.2099,0.1793,0.1785
2024-09-08,0.1747,0.1700,0.1664,0.1609,0.1581,0.1569,0.1610,0.1651,0.1584,0.1213,0.0315,0.0215,0.0210,0.0210,0.0210,0.0210,0.0210,0.0210,0.0252,0.1179,0.1569,0.1701,0.1691,0.1610
2024-09-09,0.1681,0.1613,0.1593,0.1592,0.1484,0.1588,0.1691,0.1736,0.1736,0.1674,0.1128,0.0849,0.0786,0.0725,0.0464,0.0288,0.0331,0.0725,0.1125,0.1692,0.1756,0.1889,0.1714,0.1592
2024-09-10,0.1613,0.1530,0.1545,0.1532,0.1474,0.1482,0.1602,0.1642,0.1667,0.1482,0.0998,0.0593,0.0397,0.0459,0.0290,0.0249,0.0268,0.0571,0.0885,0.1474,0.1596,0.1631,0.1552,0.1462
2024-09-11,0.1239,0.1199,0.1113,0.1224,0.1289,0.1352,0.1452,0.1520,0.1529,0.1411,0.1101,0.0871,0.0849,0.0817,0.0782,0.0512,0.0401,0.0849,0.1179,0.1481,0.1647,0.1609,0.1520,0.1517
2024-09-12,0.1490,0.1480,0.1475,0.1418,0.1423,0.1462,0.1490,0.1654,0.1690,0.1500,0.1146,0.0872,0.0773,0.0388,0.0256,0.0252,0.0252,0.0256,0.0866,0.1227,0.1500,0.1488,0.1399,0.1321
2024-09-13,0.1213,0.1164,0.1161,0.1161,0.1069,0.1001,0.1183,0.1351,0.1294,0.0986,0.0252,0.0210,0.0210,0.0210,0.0210,0.0210,0.0210,0.0210,0.0235,0.0999,0.1354,0.1295,0.1227,0.1001
2024-09-14,0.0912,0.0897,0.0844,0.0795,0.0834,0.0832,0.0910,0.1037,0.1086,0.0924,0.0337,0.0215,0.0215,0.0220,0.0215,0.0215,0.0215,0.0353,0.0912,0.1349,0.1504,0.1569,0.1329,0.1240
2024-09-15,0.0995,0.0979,0.0913,0.0897,0.0897,0.0899,0.0897,0.0897,0.0623,0.0286,0.0210,0.0210,0.0207,0.0210,0.0205,0.0205,0.0205,0.0210,0.0215,0.0844,0.1038,0.1029,0.0982,0.0908
2024-09-16,0.0591,0.0376,0.0401,0.0361,0.0286,0.0339,0.0733,0.0973,0.0973,0.0783,0.0252,0.0210,0.0210,0.0210,0.0210,0.0210,0.0210,0.0211,0.0587,0.0985,0.1334,0.1250,0.0921,0.0719
2024-09-17,0.0544,0.0365,0.0299,0.0327,0.0275,0.0273,0.0641,0.0842,0.0888,0.0642,0.0215,0.0210,0.0210,0.0210,0.0210,0.0210,0.0210,0.0248,0.0620,0.0855,0.1399,0.1294,0.0982,0.0909
2024-09-18,0.1108,0.1240,0.1243,0.1243,0.1258,0.1329,0.1472,0.1650,0.1774,0.1592,0.1300,0.1047,0.0973,0.0973,0.0943,0.0928,0.0986,0.1297,0.1329,0.1736,0.2029,0.2096,0.1637,0.1607
2024-09-19,0.1490,0.1455,0.1457,0.1462,0.1490,0.1393,0.1563,0.1714,0.1747,0.1669,0.1456,0.1455,0.1448,0.1424,0.1418,0.1329,0.1423,0.1424,0.1507,0.1729,0.2073,0.2181,0.1745,0.1640
2024-09-20,0.1676,0.1595,0.1540,0.1540,0.1566,0.1582,0.1629,0.1798,0.1798,0.1671,0.1685,0.1566,0.1316,0.1244,0.1200,0.1136,0.1190,0.1297,0.1566,0.1647,0.2063,0.2079,0.1800,0.1720
2024-09-21,0.1541,0.1485,0.1457,0.1514,0.1483,0.1485,0.1417,0.1430,0.1483,0.1493,0.1418,0.1155,0.1033,0.0849,0.0591,0.0252,0.0467,0.0843,0.1164,0.1592,0.1702,0.1902,0.1674,0.1673
2024-09-22,0.1481,0.1426,0.1425,0.1429,0.1404,0.1455,0.1514,0.1520,0.1435,0.1363,0.0849,0.0361,0.0358,0.0211,0.0210,0.0235,0.0235,0.0572,0.1100,0.1516,0.1612,0.1667,0.1517,0.1481
2024-09-23,0.1514,0.1426,0.1355,0.1395,0.1404,0.1426,0.1436,0.1676,0.1736,0.1503,0.1291,0.1056,0.0860,0.0849,0.0717,0.0471,0.0727,0.0983,0.1426,0.1686,0.2181,0.2215,0.1641,0.1546
2024-09-24,0.1425,0.1418,0.1412,0.1403,0.1403,0.1403,0.1580,0.1737,0.1834,0.1709,0.1406,0.1221,0.1036,0.0970,0.0939,0.0967,0.0976,0.1258,0.1274,0.1797,0.1990,0.1971,0.1641,0.1511
2024-09-25,0.1385,0.1170,0.1139,0.1135,0.0983,0.0982,0.0982,0.1281,0.1330,0.1110,0.0992,0.0872,0.0719,0.0646,0.0671,0.0401,0.0388,0.0645,0.0743,0.0983,0.1151,0.1139,0.0939,0.0719
2024-09-26,0.0468,0.0299,0.0341,0.0272,0.0252,0.0303,0.0640,0.0951,0.1037,0.0891,0.0256,0.0216,0.0210,0.0210,0.0210,0.0210,0.0210,0.0240,0.0362,0.0912,0.1043,0.1132,0.0908,0.0845
2024-09-27,0.0299,0.0252,0.0252,0.0252,0.0252,0.0252,0.0275,0.0782,0.0872,0.0338,0.0215,0.0210,0.0210,0.0208,0.0209,0.0210,0.0210,0.0215,0.0645,0.1098,0.1457,0.1607,0.1316,0.1215
2024-09-28,0.1304,0.1165,0.0897,0.0833,0.0782,0.0767,0.0782,0.0899,0.0846,0.0517,0.0256,0.0210,0.0210,0.0210,0.0210,0.0210,0.0210,0.0215,0.0849,0.1625,0.1663,0.1737,0.1558,0.1370
2024-09-29,0.1291,0.1221,0.1162,0.0952,0.0836,0.0836,0.0909,0.0981,0.0947,0.0463,0.0210,0.0208,0.0205,0.0203,0.0204,0.0200,0.0200,0.0210,0.0319,0.1130,0.1418,0.1506,0.1431,0.1291
2024-09-30,0.1232,0.1266,0.1410,0.1329,0.1291,0.1431,0.1558,0.2015,0.2246,0.1558,0.1089,0.0817,0.0581,0.0530,0.0337,0.0240,0.0441,0.0840,0.1428,0.1733,0.2451,0.2429,0.1793,0.1805
2024-10-01,0.1533,0.1452,0.1452,0.1416,0.1278,0.1232,0.1331,0.1698,0.1785,0.1482,0.1476,0.1221,0.0954,0.0915,0.0926,0.0947,0.0921,0.1178,0.1527,0.2034,0.2420,0.2321,0.1805,0.1617
2024-10-02,0.1457,0.1469,0.1457,0.1337,0.1309,0.1248,0.1502,0.1729,0.1790,0.1599,0.1357,0.1337,0.1320,0.1207,0.1037,0.1037,0.1119,0.1220,0.1505,0.1696,0.1701,0.1482,0.1400,0.1291
2024-10-03,0.0965,0.0719,0.0719,0.0436,0.0312,0.0624,0.0937,0.1197,0.1313,0.1159,0.0847,0.0782,0.0719,0.0613,0.0521,0.0402,0.0388,0.0819,0.1159,0.1603,0.1800,0.1825,0.1482,0.1378
2024-10-04,0.1469,0.1484,0.1457,0.1416,0.1516,0.1476,0.1520,0.1835,0.2008,0.1692,0.1483,0.1181,0.0976,0.0964,0.0846,0.0834,0.0946,0.1195,0.1484,0.1955,0.2067,0.2072,0.1700,0.1673
2024-10-05,0.1394,0.1303,0.1297,0.1297,0.1259,0.1225,0.1306,0.1487,0.1601,0.1342,0.0935,0.0718,0.0235,0.0210,0.0210,0.0210,0.0210,0.0215,0.0782,0.1294,0.1420,0.1259,0.1199,0.1062
2024-10-06,0.0813,0.0602,0.0528,0.0342,0.0273,0.0270,0.0342,0.0342,0.0342,0.0342,0.0252,0.0210,0.0210,0.0210,0.0210,0.0210,0.0210,0.0215,0.0436,0.0961,0.1203,0.1294,0.1017,0.0908
2024-10-07,0.1038,0.0799,0.0719,0.0593,0.0591,0.0593,0.0871,0.1285,0.1588,0.1377,0.1049,0.0922,0.0779,0.0593,0.0554,0.0551,0.0595,0.0849,0.1075,0.1146,0.1291,0.1071,0.1047,0.0991
2024-10-08,0.0631,0.0520,0.0459,0.0299,0.0272,0.0484,0.0713,0.0884,0.1198,0.0825,0.0593,0.0252,0.0252,0.0222,0.0210,0.0210,0.0216,0.0273,0.0825,0.1226,0.1355,0.1268,0.0796,0.0631
2024-10-09,0.0462,0.0256,0.0235,0.0222,0.0222,0.0235,0.0426,0.0719,0.0881,0.0815,0.0656,0.0595,0.0547,0.0468,0.0286,0.0252,0.0252,0.0321,0.0595,0.0719,0.0983,0.0834,0.0804,0.0733
2024-10-10,0.0720,0.0719,0.0719,0.0719,0.0769,0.0910,0.1087,0.1373,0.1594,0.1380,0.1087,0.0722,0.0716,0.0720,0.0716,0.0725,0.0913,0.1123,0.1482,0.1853,0.2499,0.2415,0.1736,0.1594
2024-10-11,0.1622,0.1469,0.1380,0.1338,0.1287,0.1245,0.1481,0.1996,0.2187,0.1609,0.1355,0.1226,0.1101,0.0949,0.0998,0.1061,0.1100,0.1117,0.1258,0.1492,0.1596,0.1363,0.1245,0.1235
2024-10-12,0.1066,0.0942,0.0820,0.0705,0.0705,0.0752,0.0976,0.0986,0.1011,0.1063,0.1091,0.1132,0.1100,0.1091,0.1060,0.0884,0.0884,0.1063,0.1286,0.1381,0.1735,0.1699,0.1553,0.1375
2024-10-13,0.1097,0.1010,0.0935,0.0956,0.0909,0.0984,0.0911,0.1036,0.0973,0.0801,0.0656,0.0299,0.0267,0.0211,0.0210,0.0210,0.0296,0.0608,0.1009,0.1394,0.1698,0.1752,0.1517,0.1400
2024-10-14,0.1405,0.1294,0.1300,0.1276,0.1294,0.1402,0.1507,0.1772,0.2181,0.1772,0.1628,0.1386,0.1300,0.1207,0.1153,0.1139,0.1115,0.1449,0.1749,0.2269,0.2482,0.1849,0.1485,0.1416
2024-10-15,0.1255,0.1227,0.1227,0.1190,0.1097,0.1126,0.1126,0.1372,0.1765,0.1615,0.1389,0.1266,0.1227,0.1226,0.1102,0.1124,0.1255,0.1240,0.1356,0.1545,0.1811,0.1545,0.1356,0.1218
2024-10-16,0.0903,0.0814,0.0782,0.0723,0.0719,0.0719,0.0882,0.0845,0.0967,0.0900,0.0591,0.0390,0.0262,0.0252,0.0261,0.0390,0.0602,0.0869,0.1173,0.1277,0.1635,0.1545,0.1269,0.1173
2024-10-17,0.1288,0.1183,0.1102,0.1100,0.0973,0.0898,0.1016,0.1283,0.1277,0.1256,0.0909,0.0299,0.0252,0.0252,0.0229,0.0215,0.0215,0.0252,0.0845,0.1256,0.1256,0.1133,0.1114,0.1075
2024-10-18,0.0847,0.0790,0.0694,0.0595,0.0595,0.0833,0.0946,0.1164,0.1475,0.1164,0.0903,0.0590,0.0273,0.0258,0.0256,0.0252,0.0286,0.0845,0.1251,0.1603,0.1523,0.1404,0.1243,0.1114
2024-10-19,0.1037,0.1000,0.0861,0.0719,0.0719,0.0735,0.0907,0.1004,0.1100,0.1031,0.0800,0.0655,0.0594,0.0435,0.0377,0.0283,0.0274,0.0494,0.0771,0.1100,0.1264,0.1374,0.1230,0.1143
2024-10-20,0.0922,0.0719,0.0593,0.0607,0.0655,0.0758,0.0907,0.0907,0.0913,0.0782,0.0291,0.0211,0.0210,0.0210,0.0210,0.0210,0.0210,0.0320,0.1034,0.1480,0.1800,0.1811,0.1485,0.1425
2024-10-21,0.1380,0.1294,0.1100,0.1024,0.1024,0.1100,0.1364,0.1545,0.1811,0.1531,0.1339,0.1246,0.1142,0.1087,0.1063,0.1073,0.1106,0.1357,0.1525,0.2224,0.2512,0.1817,0.1525,0.1425
2024-10-22,0.1238,0.1100,0.1021,0.1093,0.0973,0.1100,0.1176,0.1509,0.1775,0.1552,0.1393,0.0914,0.0891,0.0849,0.0891,0.0891,0.0878,0.1164,0.1430,0.1796,0.1635,0.1482,0.1428,0.1334
2024-10-23,0.1171,0.1218,0.1113,0.1028,0.1028,0.1037,0.1291,0.1508,0.1923,0.1610,0.1291,0.1037,0.1025,0.0929,0.0923,0.0973,0.1016,0.1125,0.1525,0.2191,0.2066,0.1760,0.1480,0.1395
2024-10-24,0.1162,0.1038,0.0999,0.0999,0.1002,0.1053,0.1123,0.1355,0.1736,0.1458,0.1090,0.0973,0.0849,0.0764,0.0592,0.0522,0.0813,0.0978,0.1219,0.1611,0.1499,0.1392,0.1173,0.1062
2024-10-25,0.0935,0.0909,0.0763,0.0769,0.0833,0.0731,0.0928,0.1101,0.1358,0.1223,0.1100,0.0973,0.0920,0.0897,0.0846,0.0744,0.0719,0.0895,0.1107,0.1509,0.1521,0.1361,0.1215,0.1151
2024-10-26,0.1072,0.0926,0.0846,0.0754,0.0755,0.0743,0.0847,0.0928,0.0945,0.1044,0.0923,0.0782,0.0529,0.0529,0.0419,0.0274,0.0274,0.0719,0.0940,0.1367,0.1269,0.1052,0.1078,0.1164
2024-10-27,0.1325,0.1269,0.1256,0.1236,0.1244,0.1236,0.1100,0.1227,0.1307,0.1244,0.1028,0.0906,0.0750,0.0718,0.0719,0.0912,0.0782,0.1023,0.1243,0.1434,0.1847,0.1679,0.1575,0.1362
2024-10-28,0.0981,0.0850,0.0833,0.0758,0.0768,0.0836,0.1046,0.1313,0.1468,0.1080,0.0981,0.0871,0.0849,0.0871,0.0871,0.0878,0.1290,0.1680,0.2111,0.1910,0.1682,0.1615,0.1464,0.1243
2024-10-29,0.1100,0.1038,0.0925,0.0837,0.0834,0.0953,0.1111,0.1267,0.1372,0.1131,0.1146,0.1114,0.1114,0.1113,0.1111,0.1114,0.1146,0.1160,0.1291,0.1397,0.1464,0.1355,0.1268,0.1084
2024-10-30,0.1049,0.0909,0.0884,0.0777,0.0719,0.0878,0.1083,0.1177,0.1358,0.1291,0.1096,0.1095,0.1139,0.1145,0.1095,0.1134,0.1314,0.1511,0.2054,0.2033,0.2033,0.1893,0.1479,0.1376
2024-10-31,0.1227,0.1187,0.1164,0.1133,0.1113,0.1189,0.1334,0.1699,0.1756,0.1517,0.1395,0.1291,0.1341,0.1295,0.1297,0.1424,0.1647,0.1863,0.1916,0.1927,0.2101,0.1918,0.1675,0.1507
2024-11-01,0.1310,0.1249,0.1164,0.1109,0.1109,0.1121,0.1149,0.1202,0.1139,0.1100,0.1058,0.0818,0.0846,0.0849,0.0973,0.1106,0.1275,0.1551,0.1811,0.1736,0.1732,0.1618,0.1496,0.1426
2024-11-02,0.1434,0.1374,0.1341,0.1304,0.1314,0.1299,0.1394,0.1483,0.1496,0.1341,0.1201,0.1123,0.1159,0.1098,0.1130,0.1108,0.1291,0.1556,0.1668,0.1668,0.1640,0.1628,0.1562,0.1489
2024-11-03,0.1497,0.1372,0.1297,0.1291,0.1180,0.1165,0.1281,0.1318,0.1201,0.0720,0.0591,0.0464,0.0304,0.0525,0.0529,0.0595,0.1049,0.1415,0.1694,0.1660,0.1622,0.1514,0.1484,0.1421
2024-11-04,0.1380,0.1354,0.1355,0.1276,0.1296,0.1353,0.1534,0.1756,0.1788,0.1711,0.1480,0.1397,0.1372,0.1356,0.1385,0.1604,0.1748,0.1930,0.2252,0.2137,0.1774,0.1714,0.1714,0.1604
2024-11-05,0.1500,0.1405,0.1360,0.1366,0.1369,0.1500,0.1675,0.1788,0.1903,0.1714,0.1556,0.1422,0.1417,0.1472,0.1603,0.1626,0.1679,0.1782,0.2665,0.2578,0.2174,0.1820,0.1752,0.1637
2024-11-06,0.1775,0.1726,0.1710,0.1686,0.1614,0.1641,0.1726,0.1800,0.1849,0.1726,0.1486,0.1384,0.1329,0.1355,0.1304,0.1387,0.1555,0.1800,0.2396,0.2334,0.1929,0.1795,0.1703,0.1687
2024-11-07,0.1565,0.1427,0.1406,0.1473,0.1484,0.1579,0.1608,0.1771,0.1832,0.1737,0.1553,0.1418,0.1355,0.1355,0.1380,0.1569,0.1725,0.1774,0.2137,0.2050,0.1876,0.1793,0.1676,0.1631
2024-11-08,0.1526,0.1533,0.1466,0.1466,0.1466,0.1523,0.1635,0.1820,0.1868,0.1788,0.1702,0.1621,0.1553,0.1568,0.1641,0.1772,0.1835,0.1862,0.1909,0.1918,0.1918,0.1892,0.1835,0.1784
2024-11-09,0.1681,0.1681,0.1468,0.1468,0.1461,0.1484,0.1537,0.1607,0.1661,0.1667,0.1609,0.1563,0.1486,0.1441,0.1396,0.1357,0.1661,0.1864,0.1906,0.1925,0.1842,0.1710,0.1667,0.1610
2024-11-10,0.1545,0.1511,0.1452,0.1387,0.1355,0.1344,0.1419,0.1513,0.1456,0.1263,0.1039,0.0846,0.0825,0.0833,0.0833,0.0849,0.1268,0.1685,0.1838,0.1838,0.1804,0.1676,0.1623,0.1584
2024-11-11,0.1596,0.1503,0.1474,0.1296,0.1236,0.1230,0.1279,0.1554,0.1596,0.1226,0.0849,0.0785,0.0636,0.0403,0.0299,0.0273,0.1045,0.1567,0.1684,0.1696,0.1605,0.1440,0.1341,0.1204
2024-11-12,0.1037,0.0845,0.0843,0.0787,0.0607,0.0844,0.1103,0.1516,0.1516,0.1100,0.0265,0.0252,0.0252,0.0252,0.0252,0.0252,0.0844,0.1516,0.1673,0.1746,0.1849,0.1740,0.1735,0.1658
2024-11-13,0.1483,0.1475,0.1471,0.1422,0.1378,0.1417,0.1534,0.1736,0.1758,0.1747,0.1534,0.1290,0.1265,0.1268,0.1290,0.1430,0.1639,0.1689,0.1752,0.1891,0.1909,0.1734,0.1684,0.1482
2024-11-14,0.1357,0.1355,0.1349,0.1354,0.1357,0.1428,0.1621,0.1803,0.1916,0.1810,0.1758,0.1746,0.1734,0.1746,0.1768,0.1813,0.1903,0.1943,0.2070,0.2138,0.1992,0.1861,0.1778,0.1646
2024-11-15,0.1629,0.1575,0.1576,0.1533,0.1543,0.1603,0.1876,0.2012,0.2082,0.1970,0.1879,0.1807,0.1742,0.1730,0.1736,0.1730,0.1847,0.1986,0.1973,0.1915,0.1912,0.1917,0.1821,0.1661
2024-11-16,0.1540,0.1469,0.1412,0.1384,0.1385,0.1380,0.1405,0.1539,0.1664,0.1685,0.1637,0.1533,0.1501,0.1476,0.1501,0.1597,0.1744,0.1879,0.1914,0.1936,0.1968,0.1978,0.1886,0.1863
2024-11-17,0.1855,0.1707,0.1584,0.1580,0.1482,0.1520,0.1448,0.1580,0.1545,0.1431,0.1326,0.1343,0.1389,0.1326,0.1389,0.1432,0.1608,0.1927,0.1994,0.2060,0.2118,0.2174,0.2043,0.1980
2024-11-18,0.1914,0.1820,0.1702,0.1762,0.1800,0.1818,0.1983,0.2034,0.2128,0.1993,0.1867,0.1816,0.1701,0.1702,0.1773,0.1876,0.1990,0.2177,0.2349,0.2232,0.2237,0.2083,0.1990,0.1917
2024-11-19,0.1982,0.1927,0.1908,0.1897,0.1804,0.1806,0.1940,0.2020,0.2062,0.1982,0.1982,0.1978,0.1870,0.1590,0.1439,0.1482,0.1914,0.2079,0.2086,0.2086,0.2086,0.2073,0.1988,0.1806
2024-11-20,0.1507,0.1339,0.1304,0.1246,0.1178,0.1276,0.1504,0.1762,0.1860,0.1588,0.1348,0.1035,0.0849,0.0848,0.0580,0.0848,0.1345,0.1822,0.2031,0.2010,0.1939,0.1824,0.1704,0.1526
2024-11-21,0.1405,0.1291,0.1164,0.1038,0.1035,0.1039,0.1166,0.1418,0.1583,0.1327,0.1092,0.0846,0.0632,0.0632,0.0589,0.0388,0.1034,0.1291,0.1691,0.1800,0.1763,0.1697,0.1580,0.1319
2024-11-22,0.1324,0.1285,0.1268,0.1235,0.1191,0.1324,0.1483,0.1858,0.2007,0.1944,0.1694,0.1673,0.1573,0.1444,0.1533,0.1752,0.1991,0.2078,0.2133,0.2256,0.2261,0.2133,0.2040,0.2040
2024-11-23,0.1884,0.1663,0.1533,0.1444,0.1291,0.1288,0.1303,0.1393,0.1472,0.1299,0.1063,0.0719,0.0750,0.0680,0.0598,0.0680,0.0959,0.1285,0.1494,0.1505,0.1380,0.1291,0.1212,0.0719
2024-11-24,0.0386,0.0318,0.0280,0.0257,0.0252,0.0269,0.0260,0.0257,0.0252,0.0277,0.0252,0.0252,0.0252,0.0252,0.0252,0.0252,0.0257,0.0352,0.0572,0.0738,0.0650,0.0555,0.0468,0.0394
2024-11-25,0.0341,0.0317,0.0260,0.0252,0.0252,0.0257,0.0404,0.1266,0.1574,0.1494,0.1264,0.1159,0.1179,0.1125,0.1117,0.1398,0.1720,0.2015,0.2062,0.2107,0.2243,0.2128,0.2057,0.1994
2024-11-26,0.1979,0.1929,0.1889,0.1868,0.1908,0.1959,0.2024,0.2090,0.2195,0.2090,0.2042,0.2003,0.1979,0.1974,0.1974,0.1997,0.1997,0.2103,0.2271,0.2179,0.2159,0.2114,0.2046,0.1994
2024-11-27,0.1990,0.1930,0.1886,0.1838,0.1810,0.1886,0.2024,0.2139,0.2207,0.2060,0.1762,0.1553,0.1551,0.1553,0.1553,0.1644,0.2024,0.2106,0.2309,0.2260,0.2309,0.2219,0.2082,0.1997
2024-11-28,0.2013,0.1927,0.1762,0.1754,0.1628,0.1683,0.1927,0.2118,0.2147,0.2001,0.1749,0.1596,0.1526,0.1522,0.1590,0.1734,0.1954,0.2123,0.2222,0.2170,0.2156,0.2100,0.1998,0.1991
2024-11-29,0.1748,0.1606,0.1545,0.1545,0.1507,0.1545,0.1750,0.1991,0.2042,0.1991,0.1750,0.1609,0.1597,0.1586,0.1595,0.1750,0.1972,0.2045,0.2153,0.2193,0.2193,0.2118,0.2042,0.1979
2024-11-30,0.1941,0.1844,0.1899,0.1857,0.1829,0.1804,0.1804,0.1899,0.1953,0.1771,0.1482,0.1338,0.1348,0.1380,0.1471,0.1558,0.1748,0.1948,0.2022,0.2019,0.2013,0.2010,0.1990,0.1961
2024-12-01,0.1773,0.1615,0.1558,0.1558,0.1555,0.1558,0.1611,0.1733,0.1863,0.1754,0.1566,0.1558,0.1552,0.1634,0.1863,0.1917,0.2005,0.2114,0.2156,0.2292,0.2438,0.2057,0.2020,0.1904
2024-12-02,0.1962,0.1926,0.1888,0.1850,0.1851,0.1901,0.2010,0.2128,0.2209,0.2178,0.2083,0.1979,0.1892,0.1863,0.1820,0.1927,0.2083,0.2178,0.2200,0.2209,0.2209,0.2178,0.2145,0.2083
2024-12-03,0.1984,0.1927,0.1869,0.1804,0.1783,0.1808,0.1972,0.2110,0.2230,0.2180,0.2068,0.2016,0.1972,0.1869,0.1751,0.1755,0.1999,0.2118,0.2210,0.2245,0.2225,0.2118,0.2017,0.1874
2024-12-04,0.1788,0.1694,0.1644,0.1595,0.1570,0.1618,0.1896,0.2108,0.2188,0.2120,0.1964,0.1595,0.1587,0.1590,0.1595,0.1750,0.2086,0.2155,0.2435,0.2390,0.2156,0.2149,0.2093,0.1979
2024-12-05,0.1960,0.1894,0.1872,0.1866,0.1841,0.1841,0.1991,0.2131,0.2193,0.2084,0.1812,0.1643,0.1595,0.1578,0.1589,0.1596,0.1879,0.2098,0.2176,0.2185,0.2197,0.2156,0.2097,0.2054
2024-12-06,0.1851,0.1700,0.1492,0.1418,0.1387,0.1370,0.1482,0.1609,0.1801,0.1745,0.1623,0.1554,0.1405,0.1491,0.1492,0.1634,0.1853,0.2031,0.2078,0.2037,0.2044,0.2022,0.1956,0.1855
2024-12-07,0.1144,0.1124,0.1040,0.0801,0.0706,0.0569,0.0577,0.0723,0.0760,0.0749,0.0541,0.0273,0.0252,0.0252,0.0239,0.0235,0.0256,0.0743,0.0926,0.1011,0.1124,0.0789,0.0743,0.0655
2024-12-08,0.0447,0.0387,0.0314,0.0256,0.0252,0.0252,0.0252,0.0273,0.0273,0.0252,0.0249,0.0215,0.0215,0.0215,0.0215,0.0215,0.0252,0.0734,0.1163,0.1132,0.1122,0.1131,0.1081,0.0910
2024-12-09,0.0909,0.0687,0.0615,0.0388,0.0279,0.0540,0.1068,0.1624,0.1774,0.1295,0.0725,0.0388,0.0273,0.0259,0.0259,0.0325,0.1161,0.1804,0.1889,0.1863,0.1901,0.1955,0.1901,0.1664
2024-12-10,0.1764,0.1596,0.1491,0.1491,0.1545,0.1673,0.1685,0.1990,0.2122,0.2018,0.1899,0.1723,0.1702,0.1675,0.1745,0.1876,0.2054,0.2252,0.2512,0.2477,0.2336,0.2270,0.2120,0.1990
2024-12-11,0.1851,0.1666,0.1666,0.1648,0.1649,0.1662,0.1780,0.2189,0.2315,0.2213,0.1984,0.1800,0.1727,0.1756,0.1863,0.1924,0.2003,0.2228,0.2342,0.2372,0.2487,0.2311,0.2118,0.1941
2024-12-12,0.1946,0.1746,0.1685,0.1650,0.1642,0.1748,0.1959,0.2272,0.2466,0.2342,0.2167,0.1991,0.1965,0.1978,0.2027,0.2092,0.2283,0.2276,0.2345,0.2398,0.2426,0.2364,0.2118,0.1924
2024-12-13,0.1898,0.1800,0.1723,0.1672,0.1681,0.1786,0.1965,0.2180,0.2297,0.2293,0.2122,0.2054,0.2003,0.1962,0.1962,0.2031,0.2139,0.2195,0.2402,0.2402,0.2402,0.2070,0.2009,0.1863
2024-12-14,0.2005,0.1875,0.1866,0.1857,0.1823,0.1814,0.1857,0.1906,0.1956,0.1890,0.1762,0.1614,0.1605,0.1583,0.1533,0.1540,0.1638,0.1923,0.2134,0.2110,0.2118,0.2052,0.2021,0.1885
2024-12-15,0.1811,0.1620,0.1583,0.1554,0.1487,0.1427,0.1427,0.1422,0.1524,0.1293,0.1158,0.1134,0.1200,0.1174,0.1124,0.1106,0.1293,0.1684,0.1914,0.1914,0.1976,0.1928,0.1885,0.1836
2024-12-16,0.1609,0.1526,0.1497,0.1490,0.1484,0.1471,0.1620,0.1878,0.2004,0.1930,0.1629,0.1445,0.1421,0.1436,0.1442,0.1505,0.1755,0.1962,0.2288,0.2311,0.2332,0.2155,0.1933,0.1805
2024-12-17,0.1763,0.1687,0.1561,0.1545,0.1497,0.1534,0.1615,0.1848,0.2054,0.2000,0.1788,0.1572,0.1519,0.1564,0.1608,0.1655,0.1784,0.1936,0.2033,0.2054,0.2070,0.1978,0.1802,0.1763
2024-12-18,0.1697,0.1535,0.1379,0.1376,0.1379,0.1468,0.1729,0.1851,0.2074,0.1916,0.1729,0.1456,0.1365,0.1360,0.1355,0.1496,0.1742,0.1896,0.1941,0.1929,0.1927,0.1863,0.1762,0.1444
2024-12-19,0.1164,0.0593,0.0337,0.0286,0.0273,0.0388,0.0949,0.1305,0.1622,0.1606,0.1307,0.1189,0.1153,0.1105,0.0978,0.0988,0.1268,0.1492,0.1644,0.1745,0.1771,0.1771,0.1745,0.1531
2024-12-20,0.1711,0.1598,0.1348,0.1306,0.1306,0.1354,0.1637,0.1871,0.2004,0.1888,0.1662,0.1472,0.1347,0.1301,0.1363,0.1497,0.1637,0.1927,0.2004,0.2059,0.2059,0.1991,0.1888,0.1808
2024-12-21,0.1810,0.1644,0.1444,0.1320,0.1318,0.1315,0.1365,0.1591,0.1672,0.1418,0.1227,0.0757,0.0669,0.0665,0.0656,0.0706,0.1291,0.1815,0.1865,0.1904,0.1908,0.1908,0.1863,0.1822
2024-12-22,0.1488,0.1291,0.1133,0.1036,0.0971,0.0963,0.0968,0.0977,0.0977,0.0849,0.0464,0.0413,0.0447,0.0405,0.0349,0.0273,0.0446,0.0909,0.1195,0.1227,0.1288,0.1291,0.1104,0.1031
2024-12-23,0.0430,0.0356,0.0339,0.0303,0.0286,0.0300,0.0540,0.0988,0.1132,0.1112,0.0528,0.0275,0.0252,0.0252,0.0256,0.0273,0.0603,0.1318,0.1669,0.1798,0.1723,0.1600,0.1556,0.1365
2024-12-24,0.1292,0.1263,0.1166,0.1037,0.0946,0.0951,0.1037,0.1280,0.1494,0.1291,0.0849,0.0719,0.0668,0.0665,0.0655,0.0668,0.1037,0.1637,0.1621,0.1554,0.1514,0.1413,0.1470,0.1355
2024-12-25,0.1372,0.1309,0.1292,0.1238,0.1176,0.1238,0.1268,0.1290,0.1357,0.1472,0.1313,0.1292,0.1312,0.1320,0.1292,0.1315,0.1587,0.1742,0.1928,0.1947,0.1999,0.2004,0.1947,0.1839
2024-12-26,0.1966,0.1872,0.1839,0.1742,0.1742,0.1766,0.1916,0.2012,0.2118,0.2032,0.1857,0.1662,0.1580,0.1549,0.1604,0.1746,0.1780,0.2016,0.2188,0.2232,0.2265,0.2331,0.2092,0.2016
2024-12-27,0.1988,0.1901,0.1836,0.1705,0.1683,0.1698,0.1871,0.2046,0.2095,0.2054,0.1863,0.1583,0.1581,0.1583,0.1613,0.1662,0.1863,0.2115,0.2224,0.2232,0.2264,0.2226,0.2088,0.2046
2024-12-28,0.2016,0.1931,0.1892,0.1805,0.1753,0.1762,0.1863,0.1927,0.2012,0.1955,0.1772,0.1652,0.1596,0.1609,0.1661,0.1661,0.1752,0.2024,0.2153,0.2207,0.2255,0.2207,0.2137,0.2072
2024-12-29,0.2070,0.2026,0.1991,0.1969,0.1956,0.1956,0.1916,0.1969,0.2012,0.1969,0.1684,0.1608,0.1601,0.1595,0.1606,0.1658,0.1801,0.2056,0.2153,0.2228,0.2270,0.2270,0.2137,0.2095
2024-12-30,0.2010,0.1927,0.1876,0.1800,0.1787,0.1870,0.2041,0.2118,0.2243,0.2143,0.2010,0.1724,0.1754,0.1685,0.1730,0.1736,0.1908,0.2089,0.2276,0.2330,0.2407,0.2337,0.2190,0.2068
2024-12-31,0.2054,0.1978,0.1958,0.1923,0.1830,0.1878,0.1955,0.2028,0.2115,0.2054,0.1923,0.1662,0.1634,0.1634,0.1631,0.1633,0.1792,0.2054,0.2181,0.2238,0.2195,0.2128,0.2046,0.1982
