Date,H00,H01,H02,H03,H04,H05,H06,H07,H08,H09,H10,H11,H12,H13,H14,H15,H16,H17,H18,H19,H20,H21,H22,H23
2024-01-01,4.25,4.10,3.55,3.10,3.45,3.10,3.35,3.35,3.20,3.60,4.30,5.25,6.50,7.95,8.95,9.35,8.90,6.65,5.40,4.70,3.85,3.65,3.15,3.55
2024-01-02,3.30,2.95,2.25,3.40,3.35,3.20,2.85,1.75,1.95,3.60,5.10,6.40,7.50,7.30,8.20,8.55,8.85,8.65,8.40,8.50,9.10,8.70,8.70,9.20
2024-01-03,9.75,9.70,9.95,9.85,9.90,9.90,9.90,9.90,9.90,10.40,11.30,11.85,11.30,12.30,12.45,12.15,11.50,11.30,10.90,10.80,10.85,9.95,9.10,7.95
2024-01-04,7.45,9.60,9.55,9.40,9.55,9.55,9.35,9.15,9.05,9.30,9.95,10.40,10.50,10.50,10.75,10.45,10.10,9.65,8.80,8.15,8.55,8.35,8.35,7.70
2024-01-05,7.60,8.10,7.35,7.00,5.85,5.05,5.55,5.15,4.80,6.10,6.65,7.40,7.60,8.00,7.90,7.95,7.45,6.00,5.00,5.20,4.95,5.25,5.50,5.45
2024-01-06,5.10,5.00,4.60,4.60,4.35,3.95,3.80,3.55,3.15,4.75,6.00,6.90,7.35,7.90,8.20,8.00,7.65,5.95,5.00,4.55,4.30,4.05,3.30,1.85
2024-01-07,1.05,2.95,1.45,0.90,1.10,1.00,0.50,-0.40,-0.80,1.65,4.05,5.85,7.15,8.40,8.80,8.90,8.70,7.45,5.95,3.20,2.85,1.95,0.80,0.25
2024-01-08,0.30,-0.45,-1.25,-2.05,-2.60,-2.35,-2.25,-2.30,-2.05,0.10,2.40,3.95,5.30,7.00,7.35,7.35,6.90,5.65,4.45,4.15,3.25,2.95,3.40,3.85
2024-01-09,3.60,4.00,4.35,4.30,4.00,3.80,2.95,2.55,2.45,3.25,5.05,6.30,7.15,7.95,8.55,8.85,8.65,6.75,5.95,5.10,4.50,3.85,3.85,4.20
2024-01-10,4.20,2.65,3.10,3.40,3.40,3.35,4.10,4.25,4.45,4.90,6.00,6.25,6.50,6.40,6.75,7.45,7.00,6.30,6.05,5.95,5.70,5.50,5.45,5.20
2024-01-11,3.85,2.60,1.55,0.80,1.45,1.25,1.30,1.10,0.50,1.65,3.65,5.45,6.45,7.20,7.50,7.45,6.95,5.75,5.60,5.25,4.45,3.15,2.15,0.75
2024-01-12,-0.10,-0.05,-0.55,-0.90,-1.35,-1.65,-1.85,-2.10,-2.25,-0.60,1.65,3.85,5.55,6.10,6.90,7.35,7.20,5.20,3.95,3.40,2.65,2.15,1.35,0.90
2024-01-13,0.50,0.10,0.25,0.95,1.10,1.45,0.35,1.55,0.65,2.60,4.90,5.95,7.00,7.15,9.35,9.25,8.90,7.95,6.50,4.95,4.20,3.30,3.05,3.10
2024-01-14,3.10,4.15,3.30,4.00,3.70,3.90,4.35,4.40,4.95,5.85,7.25,7.45,7.45,9.25,9.90,9.05,9.35,8.75,8.10,8.25,8.25,8.25,8.45,9.10
2024-01-15,9.35,9.40,9.85,9.95,9.65,9.65,9.70,9.60,9.70,10.40,11.10,11.65,12.35,13.00,14.35,14.70,14.35,13.45,13.15,12.60,12.55,12.70,12.75,12.75
2024-01-16,12.80,12.75,12.75,12.85,12.75,12.60,12.50,12.15,12.25,12.75,12.75,12.70,14.10,13.55,14.80,15.00,14.40,13.35,12.85,12.20,11.55,11.00,11.10,11.30
2024-01-17,11.20,11.30,11.35,11.45,11.95,11.90,11.45,11.20,11.10,10.90,11.40,11.90,12.10,11.65,11.45,11.15,11.70,11.00,10.75,10.25,10.15,9.80,9.95,10.10
2024-01-18,10.10,10.70,10.20,10.20,10.35,10.50,10.65,10.20,10.45,10.95,11.45,12.25,13.00,13.50,14.00,13.95,13.40,12.10,11.00,10.20,9.30,9.35,8.75,8.75
2024-01-19,9.05,9.80,9.60,9.65,9.45,9.40,9.10,8.30,7.25,7.00,7.30,6.75,6.30,6.15,5.90,6.40,6.30,4.90,4.70,4.60,4.55,4.20,4.15,4.90
2024-01-20,5.65,5.20,5.00,4.80,4.45,3.80,2.85,1.90,1.35,2.80,4.45,6.20,7.55,9.05,9.55,9.80,9.40,8.50,7.45,6.30,5.20,6.45,4.50,3.85
2024-01-21,3.45,5.25,4.90,3.65,2.90,2.15,2.55,2.30,2.00,3.60,5.75,7.85,9.30,10.55,11.00,11.35,11.15,9.00,6.85,5.70,4.65,3.90,2.75,2.55
2024-01-22,3.80,2.15,1.40,0.95,1.35,1.40,1.80,2.05,2.60,3.35,4.10,5.85,7.85,9.30,11.55,12.65,12.50,9.60,8.20,6.25,5.45,5.50,5.25,4.10
2024-01-23,4.15,4.10,3.40,3.25,3.20,3.05,3.25,3.10,3.30,4.05,5.15,6.50,7.90,11.20,12.75,13.75,13.50,10.90,11.10,8.15,7.05,6.30,6.05,6.00
2024-01-24,5.75,6.20,5.90,5.30,4.85,4.65,3.55,3.85,4.50,6.80,8.60,10.95,13.20,15.15,16.25,16.60,16.15,15.30,13.55,11.00,9.25,8.25,7.20,7.05
2024-01-25,6.55,6.25,5.40,4.90,4.85,4.35,3.85,3.80,4.05,6.85,9.85,12.10,14.15,15.30,16.30,16.70,16.25,15.45,14.45,13.30,8.80,8.65,8.30,7.60
2024-01-26,6.95,6.55,6.10,5.45,5.15,4.65,4.25,3.95,4.45,7.25,10.10,12.90,15.25,16.50,17.60,18.00,17.25,16.90,15.95,15.50,10.25,9.90,9.00,8.00
2024-01-27,7.35,7.30,6.35,5.85,5.65,5.55,5.35,5.15,5.25,7.55,9.95,12.65,15.00,16.75,17.40,17.55,16.85,13.95,11.90,11.55,10.30,9.05,7.90,7.00
2024-01-28,6.85,6.55,5.80,5.30,4.85,4.40,3.95,3.65,3.75,6.10,9.10,11.70,13.55,14.95,15.75,16.10,15.95,13.60,11.35,10.10,9.95,9.30,8.75,8.25
2024-01-29,7.50,7.75,7.35,6.45,5.75,5.55,5.05,4.35,4.45,6.70,9.55,11.80,13.10,14.00,14.20,14.30,13.95,12.25,10.10,9.85,10.15,8.55,7.65,6.60
2024-01-30,6.25,5.50,5.00,4.60,4.55,4.20,3.35,3.20,3.55,5.70,8.00,9.90,11.40,11.90,12.75,13.15,13.00,12.05,10.90,9.30,8.75,7.35,6.20,5.20
2024-01-31,5.25,4.35,3.75,3.30,2.90,3.10,3.15,3.35,3.45,3.75,4.45,6.20,8.20,8.75,10.35,11.65,12.00,10.50,9.65,9.20,7.00,6.90,6.45,5.85
2024-02-01,5.65,4.75,4.50,4.25,4.20,4.00,3.70,3.50,4.15,6.75,9.55,12.25,14.45,15.60,16.75,17.20,16.95,16.85,12.60,10.95,8.75,7.60,6.85,6.15
2024-02-02,5.40,5.10,4.80,4.40,3.95,3.35,3.25,3.10,3.60,6.85,9.70,12.10,13.55,14.50,14.90,15.00,14.75,13.05,10.80,9.90,8.75,7.85,7.05,6.30
2024-02-03,5.45,5.25,4.60,4.00,3.55,3.10,2.90,2.75,3.25,5.55,8.35,11.20,12.95,14.15,14.90,15.20,14.95,12.50,9.95,9.15,8.00,7.00,5.95,5.15
2024-02-04,4.45,3.90,3.50,3.00,2.55,2.20,1.90,1.80,2.65,5.65,8.60,11.30,13.50,14.80,15.75,16.25,16.05,14.05,13.65,12.40,9.00,7.40,6.75,5.80
2024-02-05,5.10,4.20,3.65,3.05,2.45,2.05,1.75,1.35,1.70,4.30,7.15,10.25,12.25,13.85,14.60,14.95,14.75,12.60,9.90,8.70,7.65,6.95,6.30,6.65
2024-02-06,6.35,6.85,6.85,5.25,5.05,4.60,4.10,4.15,5.00,6.85,8.75,10.15,11.65,12.25,13.80,14.75,15.10,13.60,11.25,9.80,9.10,8.70,8.30,7.65
2024-02-07,6.90,6.30,5.60,4.20,3.65,3.35,3.90,5.45,6.05,6.95,7.75,10.40,10.90,11.95,11.70,11.55,11.10,10.90,9.75,8.85,8.90,8.70,8.50,9.10
2024-02-08,9.20,9.00,8.95,8.95,8.95,8.80,8.40,7.35,7.50,9.05,10.00,9.90,10.05,10.55,11.05,11.00,11.95,11.10,10.20,9.55,9.15,9.00,8.75,8.45
2024-02-09,8.40,8.80,8.75,8.80,8.80,8.65,8.70,8.80,9.30,10.00,10.35,11.55,11.75,12.75,11.65,11.35,11.15,10.70,10.45,9.40,8.55,8.05,7.70,7.40
2024-02-10,7.10,7.15,7.35,7.20,6.85,6.45,6.25,5.55,5.25,6.95,8.15,8.40,9.80,10.55,8.00,9.80,9.40,8.20,6.85,6.00,5.45,5.00,4.40,3.85
2024-02-11,3.40,3.25,2.60,2.45,1.85,1.35,1.55,2.00,2.70,3.70,5.10,5.80,5.35,9.05,8.50,7.50,6.95,6.40,5.95,5.85,5.70,5.55,5.55,5.60
2024-02-12,5.60,5.70,5.80,5.95,6.25,6.90,7.00,7.10,7.45,7.95,9.00,10.80,12.45,14.65,15.15,15.55,15.55,14.05,11.55,10.15,9.65,9.85,10.05,10.00
2024-02-13,9.85,10.20,9.95,9.25,9.15,7.85,7.05,6.65,7.70,9.15,10.65,12.75,14.15,15.55,15.95,16.15,16.05,15.50,12.95,11.45,11.00,10.30,9.10,8.75
2024-02-14,8.90,8.25,8.70,9.00,9.15,9.10,8.95,9.10,9.65,10.65,12.15,13.15,15.20,16.15,17.05,17.10,16.65,15.70,13.90,13.40,12.75,11.80,10.70,10.45
2024-02-15,10.10,9.60,9.25,8.80,8.35,8.25,8.25,8.65,9.10,11.15,12.75,13.55,13.70,15.90,15.25,13.65,13.60,13.85,12.40,11.55,11.50,11.45,10.95,10.00
2024-02-16,9.50,10.25,9.55,8.95,8.60,8.55,8.15,7.85,8.75,10.20,11.25,12.50,13.20,15.25,15.50,15.80,15.70,14.90,13.20,10.50,9.15,8.50,7.25,6.15
2024-02-17,5.90,5.25,4.50,3.85,3.50,3.05,2.75,2.20,3.60,6.85,10.00,11.80,12.90,15.05,15.75,16.25,16.65,15.40,12.10,11.00,9.70,8.30,7.05,5.70
2024-02-18,4.60,4.95,4.35,4.00,3.75,3.30,2.80,2.65,3.75,6.30,9.60,12.55,14.10,15.00,15.95,16.40,16.00,14.50,11.35,10.25,9.45,8.30,7.45,6.55
2024-02-19,6.25,6.65,5.95,5.40,4.90,4.80,4.80,4.60,5.95,9.50,12.30,14.85,16.15,17.60,18.30,18.80,18.60,17.10,13.80,12.60,11.55,10.25,8.90,7.75
2024-02-20,6.55,6.65,5.85,5.20,4.60,4.10,3.80,3.15,4.55,7.75,10.45,13.35,15.70,17.30,18.15,18.60,18.55,17.05,13.00,11.55,10.35,9.30,7.55,6.65
2024-02-21,6.30,5.75,4.60,3.65,3.10,2.80,2.35,2.05,3.70,7.30,10.25,12.95,13.75,16.05,17.40,16.80,15.95,14.85,12.95,12.25,11.70,11.40,11.35,11.40
2024-02-22,10.40,11.20,10.55,9.75,9.25,8.25,7.55,7.30,8.00,9.45,10.55,10.95,11.90,12.25,12.85,12.90,12.40,12.35,11.50,11.25,10.95,10.15,8.80,7.35
2024-02-23,6.10,5.70,4.80,4.10,3.60,3.55,3.05,2.00,2.95,4.65,6.65,7.65,8.55,8.65,10.15,8.80,9.05,8.35,7.00,6.35,5.60,5.00,4.65,4.15
2024-02-24,3.50,3.40,2.75,2.35,2.40,2.05,2.05,1.85,3.10,5.30,7.20,8.30,9.40,10.10,10.30,10.45,10.20,9.55,8.50,7.40,6.80,6.05,5.70,5.65
2024-02-25,5.60,6.35,6.25,6.20,6.40,7.05,7.45,7.80,8.40,9.40,10.20,10.90,12.65,13.35,13.60,13.20,12.65,12.00,11.60,11.35,10.95,10.80,10.85,10.60
2024-02-26,10.00,9.55,9.10,8.75,8.25,7.60,7.25,7.15,7.45,8.15,8.65,9.45,10.15,10.65,11.20,9.25,7.45,6.95,6.85,6.85,6.15,5.65,5.80,5.25
2024-02-27,4.80,4.55,4.15,4.50,4.25,3.50,3.20,3.10,4.45,5.90,6.50,7.65,9.05,10.80,11.10,10.95,10.05,9.05,7.50,6.45,5.25,4.45,3.85,3.35
2024-02-28,3.20,1.45,2.15,2.70,3.10,3.45,3.60,3.55,4.30,6.30,8.55,9.95,11.00,13.10,13.55,13.40,12.65,11.60,10.00,8.60,7.05,5.60,4.90,4.35
2024-02-29,3.20,2.15,1.85,2.10,1.30,1.35,0.90,1.15,2.55,5.30,7.70,10.15,12.40,15.60,15.45,14.30,13.70,12.45,10.50,8.90,7.75,6.70,5.80,4.70
2024-03-01,3.85,3.75,3.75,3.00,3.00,2.65,2.20,2.10,3.65,5.45,7.20,9.50,11.30,11.45,11.55,12.20,12.05,11.25,9.50,8.35,7.30,6.75,6.50,6.25
2024-03-02,5.85,5.95,5.90,6.70,6.70,6.60,6.55,6.25,6.70,7.20,7.65,8.40,8.30,8.15,9.30,8.65,8.70,8.30,5.85,5.70,5.05,4.10,3.85,3.70
2024-03-03,3.55,2.70,2.85,2.65,2.25,2.15,2.05,1.90,3.15,4.30,6.30,6.95,8.10,8.65,9.20,9.85,9.05,8.65,7.45,6.05,5.50,5.30,5.20,4.55
2024-03-04,4.10,5.70,5.85,6.00,6.00,6.10,5.50,5.70,6.80,7.95,8.65,10.25,10.95,12.40,11.50,12.70,12.65,12.00,10.40,9.10,8.05,7.15,6.90,6.05
2024-03-05,4.95,5.25,4.70,4.20,3.95,4.30,4.20,3.10,4.70,6.85,8.30,9.30,9.95,12.80,13.30,13.45,13.30,12.60,10.15,7.90,7.10,6.15,5.25,3.70
2024-03-06,3.20,3.10,2.00,1.25,0.75,0.40,0.00,-0.25,1.80,5.10,8.00,9.95,11.45,12.75,13.50,13.90,13.95,13.45,12.70,12.00,8.50,7.05,7.05,6.45
2024-03-07,8.15,6.30,5.55,6.05,6.20,3.55,3.50,4.10,5.95,8.70,10.60,12.40,13.45,13.05,12.95,11.40,9.40,8.40,7.70,7.35,6.75,6.25,5.30,5.05
2024-03-08,4.40,3.90,3.45,3.50,3.70,3.65,3.90,4.10,4.90,5.45,6.15,8.25,8.80,10.00,10.40,10.35,10.05,9.30,8.25,7.70,7.65,7.35,7.15,7.05
2024-03-09,7.40,8.30,8.35,7.90,6.80,5.80,5.25,5.05,5.35,6.40,7.35,5.80,6.05,7.95,7.25,7.15,6.65,6.80,5.50,4.60,4.00,3.50,4.25,4.50
2024-03-10,4.70,4.65,4.90,5.00,5.25,5.50,5.85,5.75,6.10,6.90,7.85,9.35,10.35,10.80,12.00,11.75,11.95,11.35,9.85,8.60,8.00,7.60,7.20,6.90
2024-03-11,6.65,7.05,6.55,6.30,5.80,5.50,5.60,5.50,6.80,8.20,9.45,10.55,11.50,12.95,13.15,13.00,12.70,12.30,11.15,9.10,8.55,7.70,6.30,5.75
2024-03-12,4.90,4.60,3.45,3.20,3.05,2.55,2.00,2.00,4.30,7.10,10.00,12.10,13.35,14.10,14.75,15.15,15.20,14.85,12.20,11.85,11.90,11.80,7.80,6.30
2024-03-13,5.35,5.30,4.90,4.40,4.05,4.10,4.05,4.00,5.95,8.90,11.45,13.40,14.85,16.55,17.35,17.75,17.85,17.50,16.80,12.55,11.25,10.15,9.35,7.95
2024-03-14,7.70,7.35,8.20,8.00,7.75,7.45,5.35,6.00,8.55,11.45,13.90,15.85,16.50,15.90,16.25,15.90,15.30,14.50,13.10,11.25,10.40,9.75,9.05,8.65
2024-03-15,8.35,8.35,6.95,6.15,6.45,5.70,4.60,5.00,6.70,9.00,11.50,13.85,16.05,16.95,17.85,18.05,17.95,17.55,15.75,13.90,12.45,11.55,11.10,10.50
2024-03-16,8.75,8.65,7.75,6.95,7.00,7.30,7.60,7.85,8.30,9.05,10.85,12.50,14.90,17.35,18.60,18.45,18.65,18.45,17.55,16.10,15.05,12.95,11.95,10.75
2024-03-17,10.35,11.90,10.70,9.15,8.40,8.15,7.70,8.20,10.70,13.75,16.15,17.95,19.55,20.25,20.65,21.00,21.15,20.60,17.70,16.45,14.45,13.00,12.15,11.90
2024-03-18,11.20,10.85,10.30,9.35,8.65,8.45,8.40,8.55,10.80,13.15,15.45,16.70,18.00,20.50,21.45,21.45,21.00,20.35,18.05,16.65,15.35,14.20,15.10,14.30
2024-03-19,12.25,11.30,10.75,10.80,10.10,9.55,9.10,9.25,11.50,14.70,17.40,19.30,21.05,22.40,23.20,23.75,23.60,22.60,19.90,19.10,16.85,14.95,16.20,14.35
2024-03-20,13.85,13.30,12.80,13.45,10.40,9.75,9.55,10.25,12.60,15.70,17.95,19.65,20.95,22.25,21.75,20.50,21.45,16.40,15.80,14.45,13.70,13.90,12.50,12.35
2024-03-21,12.20,12.70,12.40,12.10,11.50,11.65,11.55,11.90,13.10,14.85,17.75,19.50,22.10,23.35,24.40,24.30,24.20,23.25,20.75,18.50,16.95,16.05,15.25,14.20
2024-03-22,13.10,12.05,11.90,11.90,11.50,11.30,10.65,11.45,13.40,16.65,20.25,22.90,24.25,25.15,26.20,26.20,25.60,25.70,22.75,19.50,17.95,17.50,16.20,14.15
2024-03-23,14.75,13.10,12.05,10.80,10.45,10.05,10.20,11.25,13.25,15.55,17.60,19.70,21.80,23.60,24.55,25.00,25.00,24.45,22.35,20.30,18.30,16.65,15.50,14.10
2024-03-24,12.90,12.25,11.20,10.35,10.30,9.75,9.25,9.90,11.95,14.90,18.15,20.65,22.35,23.00,23.90,24.30,24.10,23.25,21.35,19.15,17.80,16.35,15.60,15.10
2024-03-25,14.15,13.30,12.70,11.75,11.40,11.25,10.60,10.60,10.85,10.90,11.80,12.70,13.45,15.75,16.40,16.05,14.55,13.50,13.60,12.20,11.55,10.90,9.70,9.10
2024-03-26,8.95,7.85,7.50,6.80,6.05,5.25,4.85,4.80,4.75,5.65,6.45,7.15,8.90,7.40,9.15,9.90,9.90,8.75,7.05,5.30,3.80,4.55,5.05,5.35
2024-03-27,4.90,4.80,4.80,4.65,4.55,5.10,5.60,6.60,7.55,7.90,9.65,11.85,12.15,13.05,10.25,11.20,11.50,11.05,10.85,10.60,10.45,9.85,9.40,9.30
2024-03-28,8.80,8.65,8.30,8.15,7.95,7.15,7.40,7.45,8.85,9.75,11.20,11.70,13.75,14.65,14.60,15.00,15.35,14.30,12.30,11.75,11.50,11.50,11.60,11.80
2024-03-29,11.55,11.10,10.85,10.05,8.25,8.35,8.00,7.55,7.35,7.65,8.00,7.95,8.25,8.25,7.75,6.00,6.95,7.05,6.80,5.80,5.30,4.65,4.30,3.90
2024-03-30,3.50,4.70,4.95,5.30,4.95,5.00,5.60,5.85,6.65,7.80,7.60,10.10,10.60,11.05,10.65,9.60,9.05,8.10,6.95,6.70,5.60,5.70,6.25,6.05
2024-03-31,6.25,5.50,5.70,5.75,5.65,5.55,5.45,5.25,5.25,6.60,7.90,7.50,8.05,8.20,10.20,10.85,9.20,8.85,7.85,6.55,5.95,5.35,4.80,4.45
2024-04-01,4.15,4.30,3.85,3.40,3.55,3.80,3.95,5.25,6.00,7.05,8.25,9.85,11.00,12.15,12.35,12.10,11.80,11.30,10.25,8.70,7.75,7.20,6.80,6.45
2024-04-02,5.95,5.50,4.80,4.15,3.60,3.75,4.25,4.80,6.95,9.20,10.75,12.05,14.10,13.15,13.10,13.35,13.20,12.45,11.75,10.00,10.30,9.05,9.00,9.40
2024-04-03,8.65,9.50,9.55,9.30,9.30,9.25,9.05,10.05,10.70,11.65,12.95,14.65,15.55,16.90,16.45,16.85,17.45,16.65,15.00,12.15,11.15,10.35,9.55,9.10
2024-04-04,8.35,8.35,7.75,7.10,6.20,5.55,5.45,6.85,10.15,12.70,14.85,16.55,17.85,18.70,19.35,19.65,19.50,19.20,17.95,17.80,16.50,15.15,14.05,12.30
2024-04-05,11.80,11.25,8.65,7.85,8.10,7.90,6.90,8.40,11.30,14.15,16.50,18.60,20.35,20.85,21.70,22.00,22.35,22.25,19.70,17.05,15.30,14.35,13.40,14.25
2024-04-06,14.85,15.10,14.65,12.20,11.10,10.40,10.35,11.95,15.15,17.80,20.10,21.35,22.65,22.65,23.30,23.75,23.35,22.30,19.90,17.65,18.35,16.55,16.00,15.70
2024-04-07,17.40,15.80,14.20,13.45,12.75,12.35,12.00,13.05,15.00,15.90,16.75,18.20,17.80,21.30,21.85,21.95,21.50,20.80,19.25,16.55,15.25,14.65,14.50,13.75
2024-04-08,13.20,13.50,12.75,11.75,10.95,10.10,9.70,10.45,11.60,13.15,14.65,16.00,17.70,15.40,16.35,15.20,15.70,14.05,12.15,11.80,10.95,9.65,8.55,7.80
2024-04-09,7.30,7.00,6.55,6.05,5.55,4.85,4.05,5.80,7.10,8.65,10.20,11.70,13.15,13.80,14.45,14.85,15.05,14.95,14.05,12.00,10.85,9.80,8.60,7.70
2024-04-10,6.90,6.70,5.90,5.35,5.10,4.70,4.50,6.05,8.35,10.85,13.15,14.80,16.40,18.00,19.00,19.70,19.70,19.55,18.85,16.30,15.00,14.40,13.55,12.30
2024-04-11,10.95,10.80,9.90,9.15,8.55,7.65,7.20,9.35,12.75,15.45,18.25,20.95,22.75,25.40,25.55,25.60,25.35,24.80,22.90,19.70,17.95,16.55,14.95,13.25
2024-04-12,11.55,11.90,10.95,10.50,9.75,8.90,8.30,10.50,13.80,15.80,17.60,19.35,20.85,22.40,23.35,24.00,24.25,23.75,22.15,21.40,21.40,17.25,15.95,14.15
2024-04-13,14.05,12.30,11.95,11.85,10.10,9.25,9.00,11.15,14.40,17.55,20.05,22.15,23.95,25.40,26.30,26.80,26.90,26.30,24.70,23.65,23.80,20.40,17.35,15.80
2024-04-14,14.85,15.55,14.40,12.30,11.65,10.65,10.10,12.30,15.55,18.65,20.80,22.65,24.30,25.70,26.55,26.90,26.95,26.70,25.80,22.95,20.40,19.30,19.05,18.80
2024-04-15,17.30,15.85,14.60,13.90,12.70,12.35,12.05,14.10,17.10,19.90,22.35,24.35,25.95,27.95,28.95,29.00,28.45,27.70,25.95,23.05,20.85,19.40,18.10,16.75
2024-04-16,15.70,14.80,13.65,12.45,11.45,10.80,10.40,12.30,15.05,17.95,20.10,21.80,23.40,26.20,27.30,27.50,26.85,26.00,24.05,21.00,18.50,16.95,15.60,14.30
2024-04-17,13.30,13.00,11.85,10.55,9.50,8.70,8.40,9.40,10.90,12.85,14.85,16.80,18.45,20.35,21.20,21.55,21.75,21.55,20.45,17.35,15.70,15.05,14.20,13.20
2024-04-18,11.90,11.70,10.45,9.55,8.80,8.00,7.55,8.80,10.60,13.20,15.75,17.85,19.40,21.15,22.15,22.35,22.20,21.60,19.95,17.85,16.00,14.60,13.25,11.90
2024-04-19,10.60,9.00,8.00,7.05,6.30,5.70,5.60,7.20,10.05,12.60,15.00,17.15,19.05,20.20,21.40,22.10,22.35,22.25,21.50,19.70,18.50,17.45,15.55,14.25
2024-04-20,13.70,12.65,11.80,10.75,10.30,9.45,9.10,10.65,13.30,17.00,19.70,21.35,22.60,23.30,23.85,24.30,24.35,24.05,23.00,20.70,19.30,17.25,15.80,14.30
2024-04-21,12.80,11.95,10.90,9.95,9.30,8.75,8.45,10.00,12.90,15.50,17.50,19.20,20.60,22.10,23.10,23.70,23.75,23.30,22.50,21.45,19.80,17.40,15.60,13.30
2024-04-22,11.60,10.75,9.60,8.55,7.60,6.75,6.35,7.70,9.80,11.95,14.00,15.55,16.90,17.95,19.15,19.25,18.85,17.20,15.65,13.75,12.15,10.75,9.35,8.15
2024-04-23,6.95,5.95,5.00,4.30,3.70,3.15,3.05,4.60,6.65,8.85,11.30,13.20,15.30,16.95,17.95,17.45,18.40,17.20,16.05,14.85,12.95,11.40,10.55,9.70
2024-04-24,8.65,7.65,6.50,5.50,4.70,4.15,4.00,5.35,7.30,9.10,11.05,13.15,15.20,17.30,18.55,19.25,19.85,20.25,19.50,17.40,15.25,13.75,12.90,12.45
2024-04-25,11.25,9.35,8.50,7.95,7.60,7.35,7.40,9.25,10.65,12.85,13.35,15.90,18.05,19.70,19.15,19.00,18.85,17.80,17.35,15.75,14.20,13.60,12.75,12.15
2024-04-26,11.35,11.25,10.10,9.30,8.35,7.95,8.15,9.60,11.25,12.90,14.80,16.25,17.50,16.60,17.05,16.45,15.90,15.40,14.75,13.90,13.10,12.15,11.30,10.60
2024-04-27,10.50,10.10,9.85,9.75,9.75,9.75,9.40,9.15,8.90,10.55,11.85,13.50,14.40,12.85,14.30,14.00,14.10,14.10,13.20,11.80,10.80,9.85,8.65,7.90
2024-04-28,7.35,6.85,6.25,5.45,4.90,4.40,4.85,6.75,8.85,11.25,13.00,14.05,15.05,15.25,16.25,16.65,16.60,16.20,15.05,12.90,11.15,10.00,9.25,8.65
2024-04-29,8.70,8.10,7.55,7.45,7.15,6.70,7.05,8.80,10.75,12.95,14.70,16.10,17.10,15.30,14.55,16.45,16.10,16.15,15.50,13.65,11.70,10.25,10.55,9.20
2024-04-30,8.30,9.40,8.80,6.95,8.40,7.00,7.00,9.20,11.10,13.30,15.35,16.85,17.40,17.05,17.75,16.65,16.00,15.90,15.40,13.30,12.40,11.20,10.70,11.20
2024-05-01,10.30,9.45,8.50,7.90,7.75,7.40,7.25,7.65,9.10,10.35,11.65,12.80,13.05,13.90,14.70,10.45,11.85,11.80,11.05,9.70,8.25,7.75,7.45,6.85
2024-05-02,6.40,6.40,6.30,5.85,5.35,5.10,5.65,7.40,8.65,10.20,12.00,13.25,13.45,14.00,14.75,15.75,14.90,13.80,13.20,11.90,10.45,9.55,8.70,8.10
2024-05-03,7.75,7.40,7.05,6.30,5.55,5.05,5.65,7.75,10.00,12.00,14.05,15.80,17.70,17.00,17.25,18.65,18.55,18.05,17.25,15.25,13.60,12.90,12.25,11.65
2024-05-04,11.00,10.45,10.00,9.45,8.80,8.35,9.05,11.35,13.95,15.95,17.55,19.25,20.65,21.85,22.65,22.95,22.85,22.00,20.80,18.75,17.30,16.40,15.25,14.55
2024-05-05,14.10,14.80,13.85,13.10,12.15,11.75,12.35,13.10,14.45,15.80,17.65,18.95,20.60,19.75,19.60,17.55,18.25,19.00,18.00,16.65,15.60,14.30,13.10,12.95
2024-05-06,12.85,11.45,11.00,11.45,11.55,11.50,11.45,12.00,13.90,15.90,17.85,19.45,20.40,19.65,19.85,20.30,20.55,20.05,19.05,17.30,15.20,13.45,12.15,11.60
2024-05-07,10.35,10.15,9.30,8.55,8.15,7.80,8.40,10.35,12.90,15.60,17.50,18.90,20.05,20.75,21.85,24.15,24.65,21.95,19.90,18.00,16.50,15.55,14.70,13.60
2024-05-08,12.30,11.60,10.65,9.90,9.35,8.95,9.30,10.95,13.05,15.35,17.65,19.65,21.35,22.80,23.90,24.60,24.90,24.65,23.85,22.00,20.50,19.15,17.40,15.25
2024-05-09,14.55,13.40,12.30,11.20,10.50,9.90,10.50,12.65,15.95,18.65,21.05,23.10,24.75,26.05,26.90,27.20,27.15,26.70,26.15,24.55,22.55,21.45,20.45,18.85
2024-05-10,17.95,16.50,15.35,14.20,13.25,12.30,12.65,15.15,18.10,20.20,22.30,24.30,26.20,27.80,28.50,28.80,28.90,28.90,28.75,26.80,24.45,21.90,22.20,21.15
2024-05-11,19.20,17.00,15.95,15.10,14.20,13.75,14.25,16.35,18.50,20.50,22.75,25.10,27.00,27.60,28.40,28.60,27.95,27.15,26.25,24.80,22.55,21.15,19.60,17.85
2024-05-12,17.00,16.35,15.90,15.50,14.85,13.95,14.30,16.55,19.15,21.45,23.60,25.45,27.10,27.25,28.00,28.05,27.70,26.75,26.20,24.30,22.05,21.50,19.85,18.85
2024-05-13,18.45,17.35,16.10,14.95,14.15,13.40,14.50,16.45,19.05,21.75,23.80,25.55,26.45,26.45,27.00,27.00,26.45,25.95,23.60,21.40,20.70,20.25,18.75,17.05
2024-05-14,16.30,15.65,14.80,13.50,12.20,11.15,11.95,13.20,14.25,15.70,17.95,19.35,20.40,19.35,19.70,19.10,18.05,18.35,18.05,16.80,15.30,14.30,13.05,11.95
2024-05-15,11.15,11.70,10.65,9.80,9.20,8.80,9.60,11.00,12.30,13.80,15.30,16.85,17.90,18.25,18.95,18.40,17.85,17.00,17.10,16.20,14.30,13.35,12.35,11.35
2024-05-16,10.65,10.00,9.45,8.60,7.95,7.50,8.30,10.10,11.80,13.60,15.15,15.85,17.25,17.70,17.30,17.35,17.20,18.10,16.15,15.40,14.20,13.70,12.75,12.15
2024-05-17,12.20,11.75,11.35,11.05,11.00,10.65,10.95,12.35,13.45,14.90,16.40,17.85,18.60,17.65,18.25,18.85,19.15,18.70,18.25,16.90,15.65,14.80,13.55,12.45
2024-05-18,11.65,11.00,9.95,9.50,8.95,8.30,9.10,11.25,13.80,15.85,17.80,19.45,20.50,20.95,21.55,21.50,22.25,21.30,20.35,18.80,16.45,15.10,14.80,13.30
2024-05-19,12.25,11.90,11.35,10.30,9.35,8.95,9.95,12.00,14.75,16.70,17.90,19.30,20.30,20.80,20.20,18.05,18.65,18.50,17.40,16.65,15.25,14.05,12.75,11.75
2024-05-20,10.65,10.70,10.00,9.40,8.55,8.00,9.05,11.40,13.85,15.80,17.40,18.70,19.25,18.90,20.15,21.20,20.70,18.70,16.00,15.75,14.65,13.95,13.45,12.60
2024-05-21,11.60,13.05,12.60,11.20,10.35,9.65,10.50,12.65,14.95,16.95,17.55,18.45,19.50,19.15,19.40,20.50,20.05,12.90,13.30,13.50,13.30,12.40,11.95,11.25
2024-05-22,10.60,11.55,10.40,9.85,9.30,8.80,9.70,12.30,14.30,16.30,18.55,19.55,19.35,20.80,21.40,21.15,20.20,20.35,20.30,19.30,17.15,15.55,15.25,13.40
2024-05-23,12.40,11.15,10.80,10.20,9.60,9.15,10.20,12.30,15.00,17.55,19.10,20.45,21.70,23.15,24.05,24.60,25.00,24.65,24.10,22.60,19.90,18.50,17.15,16.20
2024-05-24,14.45,14.05,13.10,12.25,11.55,11.05,11.90,13.95,16.35,18.45,20.55,22.60,24.40,26.10,27.05,27.45,27.35,26.85,26.25,24.75,22.80,21.35,19.85,18.90
2024-05-25,17.25,16.30,15.05,14.20,13.05,12.05,13.15,15.90,18.35,20.95,23.95,26.45,27.85,28.20,28.85,29.20,29.10,28.35,27.20,25.45,23.30,21.80,20.85,19.75
2024-05-26,18.80,15.90,14.70,13.65,12.65,12.10,13.55,16.10,18.80,21.80,24.55,26.50,27.70,28.80,29.20,29.35,28.95,28.35,27.45,26.10,24.15,22.55,21.25,20.20
2024-05-27,18.65,17.55,16.80,15.75,15.05,14.40,15.60,17.55,20.15,22.85,24.65,26.20,27.65,28.80,29.70,30.25,30.35,29.85,29.15,26.75,24.35,23.05,21.85,20.15
2024-05-28,18.85,18.40,17.30,16.40,15.75,15.40,16.00,17.75,20.20,22.10,24.10,26.05,27.70,28.90,30.00,30.60,30.80,30.65,30.15,29.20,27.15,25.25,24.60,22.95
2024-05-29,21.85,20.70,19.90,18.80,17.80,16.95,17.65,19.80,22.45,24.80,27.25,29.55,31.20,32.45,33.30,33.65,33.45,33.15,32.70,31.60,28.80,27.75,26.65,24.90
2024-05-30,23.35,21.75,20.70,19.90,19.20,18.45,19.05,20.85,23.40,25.95,28.35,30.45,32.20,33.35,33.90,34.45,32.10,31.60,31.75,28.95,26.15,24.95,22.85,21.00
2024-05-31,19.85,19.70,18.95,17.30,15.60,14.45,14.60,15.35,17.45,20.45,23.25,25.60,27.40,28.70,29.25,29.45,29.10,28.35,27.55,26.20,23.85,22.25,20.40,18.50
2024-06-01,16.80,16.10,14.80,13.70,12.75,12.10,12.60,14.15,16.65,19.20,21.45,23.45,25.20,26.40,27.15,27.00,26.10,25.80,24.65,23.55,21.50,20.10,18.55,17.10
2024-06-02,15.55,14.10,13.55,13.15,12.50,12.10,12.75,14.30,16.75,19.35,21.50,23.25,24.75,26.05,26.90,27.40,27.55,27.45,26.90,25.80,23.90,22.65,20.45,19.60
2024-06-03,18.25,16.90,16.05,15.60,15.15,14.65,15.40,17.45,19.35,21.30,23.50,25.50,27.10,27.70,28.85,29.15,29.80,22.15,24.30,24.40,22.80,20.85,20.55,19.70
2024-06-04,18.60,18.30,17.55,17.30,16.45,15.60,16.50,18.70,20.90,23.15,25.55,27.50,28.85,30.35,31.10,31.25,31.30,30.60,30.10,29.40,27.40,26.15,25.00,23.50
2024-06-05,22.60,22.15,21.00,19.75,19.05,18.50,19.20,20.95,23.25,25.60,28.15,30.25,31.70,32.45,32.80,33.05,33.10,32.45,32.00,31.00,28.90,27.25,26.05,25.00
2024-06-06,23.45,22.95,21.05,21.50,19.45,18.65,20.45,22.50,24.55,26.90,29.30,31.25,33.10,34.20,35.00,35.50,34.85,32.60,33.15,31.70,31.00,30.65,28.50,26.55
2024-06-07,25.45,23.40,22.60,21.30,20.85,20.35,21.00,23.00,25.55,27.50,29.75,31.25,32.35,33.35,34.70,34.20,34.50,34.60,29.45,23.75,23.85,22.85,22.05,21.90
2024-06-08,21.40,22.80,22.00,21.50,20.40,19.40,19.40,20.20,20.70,20.75,20.30,18.95,19.80,19.70,20.45,19.35,19.65,21.05,20.95,19.30,18.65,18.10,17.95,17.45
2024-06-09,16.85,16.85,17.00,16.65,16.25,15.65,16.55,18.25,19.65,21.10,22.15,23.40,24.25,23.30,23.65,24.15,24.30,24.25,22.95,18.45,17.35,17.95,17.50,17.05
2024-06-10,16.65,16.40,16.20,16.20,15.90,15.30,15.35,15.45,15.65,15.75,16.15,17.45,17.90,16.20,16.45,17.20,19.15,19.95,18.65,18.20,17.80,17.20,16.40,15.60
2024-06-11,15.35,13.50,12.90,12.05,11.55,11.10,11.80,13.25,15.25,17.40,19.00,20.40,21.50,22.45,23.25,23.85,23.90,23.75,22.70,21.10,19.00,18.00,17.50,16.20
2024-06-12,14.95,14.55,13.80,13.25,12.40,12.15,12.55,14.05,16.10,17.95,19.65,20.90,22.35,20.30,22.25,23.00,22.80,22.30,21.45,19.90,18.30,17.05,15.70,14.95
2024-06-13,14.05,12.65,11.90,11.50,11.15,10.90,11.75,13.55,16.10,18.30,20.35,22.50,24.45,25.90,26.75,27.05,26.80,26.45,25.70,23.95,21.80,20.25,19.10,18.40
2024-06-14,17.25,16.10,14.95,14.40,13.65,13.25,14.95,17.40,20.30,23.40,25.80,27.05,28.10,29.00,29.15,29.30,29.10,28.70,27.35,25.80,24.00,22.70,22.05,20.70
2024-06-15,19.65,19.40,18.15,17.00,16.10,15.15,15.80,17.65,19.40,20.95,22.70,24.60,26.20,27.75,28.30,28.50,28.30,27.90,27.30,25.85,23.10,21.65,20.40,19.15
2024-06-16,17.65,16.30,15.60,14.95,14.20,13.40,14.60,17.35,20.00,22.25,24.15,25.95,27.65,29.30,29.90,29.95,29.70,29.20,28.25,27.10,25.35,23.95,22.85,22.10
2024-06-17,21.30,20.60,19.10,17.70,16.50,15.50,16.10,17.85,20.40,23.00,25.35,27.10,28.50,29.50,29.80,29.85,29.70,29.15,28.15,26.70,25.05,23.70,22.60,21.80
2024-06-18,21.30,20.35,19.90,19.10,18.15,17.65,18.05,19.90,22.10,23.90,25.05,25.50,26.85,25.90,27.30,26.50,21.95,21.25,20.45,19.45,18.70,17.60,16.45,15.85
2024-06-19,15.20,14.75,13.85,13.35,13.20,13.05,13.95,15.30,17.10,19.00,20.35,21.95,23.45,24.00,24.55,20.45,22.95,21.95,22.10,21.25,19.75,18.45,17.55,16.40
2024-06-20,15.10,15.35,14.30,13.60,13.30,12.75,12.85,13.85,15.60,16.90,18.25,19.90,20.60,17.35,18.95,20.75,20.90,20.80,20.85,20.30,18.60,17.05,16.35,15.95
2024-06-21,15.25,15.95,14.55,13.65,12.95,12.50,13.90,16.05,17.75,19.30,20.70,22.35,24.45,25.50,26.20,26.25,26.60,26.70,26.75,25.70,23.20,22.10,20.50,19.05
2024-06-22,18.30,18.10,16.90,15.85,15.05,14.45,15.80,18.65,21.40,23.75,25.75,27.40,28.95,30.75,31.15,30.65,30.05,29.05,28.25,27.20,24.45,23.00,22.20,21.20
2024-06-23,20.45,20.15,19.35,18.50,17.85,17.35,17.95,19.45,21.65,23.85,25.40,27.10,29.10,29.40,29.55,30.00,30.70,29.90,27.90,26.70,25.20,24.10,22.90,22.00
2024-06-24,21.00,20.10,19.20,18.35,17.65,17.05,17.55,19.05,21.30,23.50,25.40,27.20,28.75,30.60,31.75,32.45,32.80,32.50,32.25,31.80,30.00,28.25,26.85,25.35
2024-06-25,24.00,22.65,21.70,20.75,19.75,19.10,19.80,21.80,23.60,25.70,28.05,30.40,32.65,33.70,34.85,34.95,34.75,29.10,30.50,30.55,29.45,27.80,27.00,25.05
2024-06-26,24.35,23.10,22.15,21.75,21.00,20.25,20.85,22.45,24.15,26.15,28.10,30.15,32.30,30.45,30.00,29.40,25.60,27.00,25.80,24.75,23.40,22.10,21.00,19.80
2024-06-27,19.30,21.10,20.90,20.00,20.35,20.00,20.60,20.25,21.10,23.65,26.70,28.40,30.35,33.30,34.20,34.80,35.60,34.10,32.75,31.25,29.00,27.60,26.35,24.55
2024-06-28,23.30,22.85,21.95,21.35,20.70,19.75,20.45,21.85,23.30,24.95,26.80,28.40,27.15,25.30,25.60,26.30,25.30,24.50,24.00,22.90,21.70,20.95,20.45,19.95
2024-06-29,19.10,16.90,16.55,16.05,15.70,15.25,15.90,16.60,17.40,18.40,19.70,21.10,22.30,22.45,23.85,24.45,24.50,23.40,22.10,21.05,19.80,19.05,18.45,17.75
2024-06-30,17.10,18.60,17.65,16.95,16.35,16.05,16.35,17.00,18.05,18.70,20.45,21.85,23.10,24.70,25.15,25.35,25.45,25.40,24.95,23.30,21.30,19.75,18.70,17.85
2024-07-01,17.35,17.00,16.30,16.60,16.05,16.00,17.00,18.60,20.10,22.20,23.75,24.60,25.60,26.95,28.40,29.30,29.00,28.75,27.45,25.25,22.95,21.35,20.35,19.35
2024-07-02,18.05,17.90,16.85,16.00,15.20,14.55,15.40,16.90,18.75,20.90,22.95,25.05,26.95,29.25,29.75,31.10,31.10,29.55,28.90,27.10,24.95,23.75,22.35,20.85
2024-07-03,19.65,19.30,18.05,17.10,16.10,15.20,16.30,18.50,21.00,23.80,26.30,28.55,30.35,32.10,33.05,33.50,33.45,33.45,33.25,32.00,29.10,27.55,26.60,25.15
2024-07-04,23.85,23.15,21.75,20.50,19.65,18.85,19.60,21.60,24.65,28.10,30.85,32.70,34.10,35.45,36.30,36.75,36.75,36.45,35.85,34.70,31.95,29.90,27.50,26.30
2024-07-05,25.65,25.05,23.25,22.30,21.40,20.30,20.75,23.40,26.05,28.00,30.15,32.30,34.35,36.40,38.05,38.30,38.05,36.95,36.90,35.45,31.90,28.40,28.10,26.80
2024-07-06,25.90,25.90,24.70,23.95,23.15,22.60,23.50,25.35,26.80,28.40,29.90,31.05,32.15,32.95,33.60,33.45,32.90,31.05,29.10,27.80,25.20,23.30,21.95,20.60
2024-07-07,19.15,18.20,17.60,17.20,16.70,16.40,17.05,19.10,21.15,23.10,25.40,27.85,29.35,30.15,30.90,31.45,31.20,30.60,30.05,29.10,27.20,25.65,24.55,23.65
2024-07-08,22.65,20.90,19.80,18.65,18.95,16.95,17.95,19.90,22.50,25.40,27.80,29.50,30.60,31.40,32.05,32.45,32.50,32.20,31.60,30.75,28.40,26.60,25.25,24.35
2024-07-09,23.50,22.45,21.85,21.60,20.00,19.15,19.95,21.85,24.20,26.40,28.05,29.45,30.60,31.30,31.45,32.40,32.35,31.55,30.65,29.25,27.55,26.60,25.40,24.40
2024-07-10,23.60,23.10,22.15,21.15,20.30,19.75,20.35,21.95,24.00,26.15,28.25,30.15,31.45,32.45,33.30,33.85,34.15,34.15,33.50,32.30,30.60,29.20,28.10,27.00
2024-07-11,25.85,24.30,23.35,22.55,21.75,21.15,21.85,23.80,26.35,29.20,31.35,32.95,34.20,35.10,35.75,35.80,35.55,34.65,33.45,31.90,30.35,28.95,27.95,26.85
2024-07-12,25.75,24.40,23.15,21.85,20.55,19.35,20.10,22.50,24.60,26.55,28.10,29.55,30.90,32.00,33.05,33.80,33.80,33.60,32.55,31.35,29.30,27.05,25.95,23.80
2024-07-13,21.60,20.65,19.75,19.00,18.35,17.80,18.35,20.65,22.80,25.15,27.85,30.35,32.20,33.05,33.70,33.85,33.70,32.85,31.65,30.30,28.55,27.50,26.25,24.90
2024-07-14,24.05,22.80,22.05,21.05,20.30,19.50,19.95,21.70,23.90,25.90,27.80,29.30,30.80,31.75,32.20,32.30,32.20,31.50,31.05,29.80,27.85,26.65,25.45,24.35
2024-07-15,23.40,23.20,22.50,21.65,20.95,20.40,20.80,21.90,23.35,25.10,26.70,27.95,30.10,30.25,30.20,30.05,29.80,29.25,28.45,27.15,25.55,24.40,23.75,22.90
2024-07-16,22.05,21.00,19.60,18.45,17.50,16.85,17.80,19.80,21.90,24.10,26.40,28.35,30.00,31.35,32.35,32.85,32.95,32.65,32.05,30.65,28.55,26.95,25.45,24.20
2024-07-17,22.60,22.40,20.05,18.60,17.40,16.65,17.65,21.05,23.35,25.70,28.30,30.70,32.80,33.80,35.05,35.50,35.45,35.40,34.80,33.40,31.40,30.10,28.55,27.05
2024-07-18,26.55,24.85,22.75,21.50,20.90,20.25,20.65,22.95,25.25,27.90,30.75,33.45,35.45,36.20,36.90,36.65,36.05,35.50,33.85,32.20,31.65,31.25,30.40,29.85
2024-07-19,28.20,25.20,23.95,22.65,22.70,21.10,21.55,24.45,27.50,30.50,33.35,35.25,36.60,37.50,38.00,38.30,37.90,37.30,36.35,34.95,32.85,31.20,29.85,28.60
2024-07-20,27.70,26.25,25.25,24.15,23.05,21.80,22.15,24.30,27.30,29.90,31.60,32.85,34.00,34.95,35.35,35.00,34.75,34.15,32.55,31.30,30.00,28.45,27.10,26.05
2024-07-21,24.85,23.05,22.25,21.50,20.75,20.00,20.30,21.45,23.10,24.75,26.45,28.20,29.75,30.95,32.10,32.65,32.90,32.90,31.90,29.20,27.55,26.30,25.40,23.65
2024-07-22,22.00,21.00,19.90,19.00,18.40,17.75,18.00,19.70,22.10,25.25,28.15,30.35,32.05,33.45,34.45,35.05,35.35,35.35,35.00,34.10,31.55,30.20,28.95,27.45
2024-07-23,25.85,23.80,22.85,21.90,21.20,20.50,20.95,23.05,26.40,29.00,31.30,33.55,35.45,36.80,37.80,38.45,38.60,38.30,37.55,36.30,34.20,33.90,31.85,30.55
2024-07-24,28.85,26.90,26.25,25.45,24.75,24.20,24.65,26.40,28.80,31.25,33.80,36.20,38.15,39.55,40.25,40.40,39.75,39.25,38.60,37.65,35.45,34.30,32.45,32.35
2024-07-25,30.75,28.15,27.00,26.35,25.80,24.90,25.00,26.65,28.95,31.25,33.45,35.50,37.35,38.45,38.90,39.10,39.15,38.75,38.05,36.90,34.50,32.80,31.45,30.10
2024-07-26,28.50,26.85,25.45,24.60,23.85,23.15,23.40,25.30,27.10,29.15,31.20,33.15,34.85,35.80,36.30,37.00,37.50,37.15,36.85,34.80,33.20,33.10,31.90,30.70
2024-07-27,29.10,27.70,26.40,25.40,24.50,23.95,24.10,25.65,27.55,29.90,32.05,34.10,36.10,36.55,37.75,38.15,37.70,37.60,36.35,35.50,34.90,34.60,32.10,30.70
2024-07-28,30.05,27.65,26.60,25.75,24.90,24.15,24.20,26.00,27.95,30.30,32.40,34.20,35.90,37.00,38.15,38.85,38.90,38.60,37.80,36.40,30.60,31.90,31.15,30.70
2024-07-29,29.30,27.50,26.75,25.75,25.10,24.60,24.85,26.05,27.30,29.45,31.05,31.65,32.25,33.40,33.65,34.55,35.10,33.55,34.10,33.55,31.35,30.25,29.20,28.05
2024-07-30,27.40,25.70,24.85,23.85,23.65,23.00,23.85,26.05,27.80,29.80,31.75,34.40,36.10,37.20,37.85,38.05,38.05,38.55,37.15,36.00,33.30,31.90,30.60,29.10
2024-07-31,29.20,27.30,26.50,25.05,23.75,23.10,23.65,25.45,27.95,30.70,32.90,34.55,35.80,36.25,36.70,36.95,36.70,36.30,35.40,33.85,31.85,30.85,29.90,29.10
2024-08-01,27.95,25.30,24.65,23.10,21.75,20.15,20.90,23.50,26.10,29.15,32.25,34.50,35.90,36.60,37.30,37.50,37.25,36.75,35.80,34.25,32.40,31.15,29.95,29.10
2024-08-02,28.20,26.85,25.60,24.65,23.50,22.10,22.70,24.75,26.40,28.55,30.60,31.50,30.75,32.95,33.95,34.05,33.90,33.60,32.40,31.65,30.25,28.85,27.50,26.35
2024-08-03,24.55,24.10,22.85,21.75,21.15,20.65,20.70,22.20,24.60,27.70,30.15,32.10,33.45,35.55,36.55,37.10,37.25,36.80,35.85,34.65,32.50,30.80,29.80,28.95
2024-08-04,27.20,25.90,24.85,23.95,23.25,22.55,22.60,24.25,26.70,28.80,31.05,33.25,35.05,36.50,37.50,37.80,37.85,37.45,36.80,35.75,33.60,32.05,30.80,29.65
2024-08-05,28.20,27.45,26.30,25.65,24.85,23.80,23.75,25.75,27.85,30.00,32.30,34.80,36.80,37.85,38.25,38.25,37.90,37.40,36.65,35.30,33.30,31.75,30.45,29.60
2024-08-06,29.20,26.60,26.05,24.80,23.65,22.40,22.55,25.40,27.55,30.05,32.80,35.20,36.60,37.25,37.90,38.05,37.90,37.00,35.80,34.80,32.70,31.10,30.15,29.25
2024-08-07,27.55,26.50,25.45,24.65,24.00,23.40,23.00,24.70,27.15,29.65,32.00,34.10,35.75,36.85,37.70,38.05,38.10,37.90,37.00,35.35,33.45,31.80,30.50,28.90
2024-08-08,28.05,25.75,24.65,24.20,23.60,22.90,22.80,24.70,27.30,29.40,31.50,33.50,35.45,36.95,38.00,38.30,38.00,37.45,37.40,36.45,34.15,32.85,31.00,30.00
2024-08-09,28.35,27.20,26.15,25.60,24.80,23.95,23.85,25.90,28.35,30.65,32.80,34.85,36.65,38.20,38.85,39.10,39.25,39.85,39.30,37.50,35.75,34.10,32.00,30.90
2024-08-10,29.75,28.60,27.00,26.10,25.50,24.55,24.35,26.05,28.35,30.40,32.80,34.95,36.65,37.65,38.30,38.75,38.70,38.00,37.20,35.65,33.80,32.70,31.50,30.40
2024-08-11,29.10,27.40,26.35,25.55,24.65,23.80,23.65,25.65,27.55,29.80,31.90,33.95,35.70,36.75,37.65,38.20,38.35,37.65,36.95,35.75,33.85,31.95,31.65,30.20
2024-08-12,28.70,27.15,26.05,25.25,24.50,23.70,23.45,25.45,27.60,29.60,31.75,33.75,35.35,36.05,36.55,36.65,36.40,35.45,34.65,33.50,31.60,30.40,29.45,27.75
2024-08-13,27.00,24.05,23.95,23.45,22.80,22.45,22.40,23.95,25.85,27.75,29.75,31.35,32.40,30.65,30.00,29.45,29.80,26.60,27.95,27.45,26.45,25.10,24.15,22.75
2024-08-14,21.90,21.70,20.95,20.30,19.60,19.00,19.20,20.70,22.85,24.75,26.40,27.80,28.85,29.60,30.35,30.35,31.25,31.45,29.90,27.50,25.90,24.70,23.45,22.10
2024-08-15,20.70,19.40,18.55,17.80,17.05,16.20,15.85,16.85,18.55,20.80,23.15,25.40,27.55,28.40,29.85,30.70,30.80,30.55,29.90,28.65,26.95,25.60,24.45,23.10
2024-08-16,21.80,21.65,20.70,19.80,18.90,18.15,17.90,19.45,21.95,24.25,26.40,28.50,30.50,32.10,33.40,34.00,34.30,34.35,33.05,31.35,29.65,28.60,27.50,25.95
2024-08-17,24.65,23.50,22.40,21.50,20.70,19.85,19.65,21.50,23.95,26.30,28.90,31.40,33.45,34.85,35.45,36.15,36.05,35.55,35.85,33.60,31.50,30.15,29.30,28.65
2024-08-18,27.80,26.90,25.25,23.75,22.10,21.40,21.35,22.45,24.40,26.90,29.00,30.55,31.60,33.30,34.10,35.30,35.80,34.15,32.40,31.00,29.50,28.35,25.95,24.40
2024-08-19,23.25,22.85,21.75,20.85,20.20,19.60,19.20,20.10,22.15,25.20,28.20,30.30,31.95,33.25,34.10,34.70,35.25,35.60,35.10,32.80,31.00,29.80,28.85,27.45
2024-08-20,26.05,24.30,23.15,22.35,21.55,21.05,20.65,22.00,24.70,27.65,30.65,32.70,34.20,35.05,35.95,36.40,36.25,35.75,35.30,34.00,31.95,31.20,27.65,25.75
2024-08-21,24.05,22.90,22.05,21.25,20.65,20.15,20.00,21.05,23.20,26.25,28.95,31.15,32.90,34.05,35.25,36.00,35.35,35.35,35.10,31.50,29.95,29.35,28.30,27.25
2024-08-22,26.00,26.00,24.75,23.85,23.15,22.50,22.20,23.95,26.25,28.50,30.75,32.90,34.35,35.40,35.70,34.55,34.85,34.75,34.10,32.25,31.05,30.05,28.80,27.60
2024-08-23,26.20,25.65,24.10,22.75,21.80,21.10,20.75,22.75,25.30,28.10,30.55,32.80,34.45,35.70,36.15,36.60,36.70,35.75,32.65,31.85,30.35,29.30,28.40,27.50
2024-08-24,26.85,24.95,24.35,23.75,23.25,22.65,22.35,23.90,25.55,27.60,29.95,32.40,34.25,34.70,35.25,35.15,34.60,34.20,33.70,31.95,30.15,28.75,27.80,26.90
2024-08-25,24.95,24.10,22.05,20.95,20.05,19.35,19.05,19.75,21.60,24.25,27.00,29.35,31.35,33.05,34.15,34.65,34.85,34.45,33.35,31.90,30.20,27.80,26.55,25.30
2024-08-26,23.90,23.45,22.70,22.05,21.50,21.10,20.85,22.15,23.45,25.60,27.35,28.85,30.60,31.60,32.70,33.50,33.90,33.45,32.80,31.60,30.50,28.90,28.20,27.20
2024-08-27,25.75,25.10,23.95,23.00,22.35,21.75,21.30,22.90,24.55,26.50,28.85,31.55,33.55,34.35,35.00,35.15,34.90,34.25,33.40,31.60,30.25,29.25,28.35,27.50
2024-08-28,26.55,25.15,24.05,23.55,22.80,21.95,21.40,22.45,24.85,27.60,30.30,32.45,34.00,34.85,35.40,35.80,36.00,35.30,33.40,30.80,28.80,28.00,27.30,26.75
2024-08-29,26.90,26.85,26.50,23.30,21.75,20.95,20.30,20.25,21.70,23.20,24.85,26.50,26.30,27.85,26.35,22.35,22.90,24.25,24.05,22.30,21.70,21.55,21.10,20.60
2024-08-30,20.20,18.25,18.15,18.15,18.25,18.30,18.60,19.40,20.75,22.40,23.75,25.45,26.50,23.95,26.40,26.05,26.65,26.75,26.15,24.45,23.60,22.55,21.80,21.35
2024-08-31,20.90,18.40,18.05,18.05,17.95,17.70,17.60,19.00,20.75,21.95,22.55,23.90,24.75,22.55,25.50,26.55,26.70,26.75,26.20,25.15,24.05,22.05,21.45,20.75
2024-09-01,20.00,19.90,19.55,18.90,18.60,18.90,18.10,19.25,20.85,22.50,24.20,25.45,26.50,28.15,29.10,29.50,29.70,29.40,27.75,25.25,23.85,23.65,22.15,21.35
2024-09-02,20.95,20.75,20.40,20.00,19.50,18.95,18.60,20.05,22.10,23.90,25.65,27.50,29.15,29.85,30.65,31.20,31.00,30.10,28.50,25.70,24.75,22.95,21.80,21.20
2024-09-03,20.15,20.05,19.05,18.75,18.20,17.70,17.50,18.95,21.25,23.35,25.20,26.60,28.00,29.60,30.35,30.30,30.10,29.25,28.25,26.20,24.15,22.00,21.05,20.60
2024-09-04,18.10,18.00,18.20,18.10,17.50,17.55,17.35,18.30,19.35,20.90,22.15,23.35,24.50,25.15,25.70,26.05,25.45,25.05,24.50,22.60,21.15,19.60,18.70,17.85
2024-09-05,16.95,16.15,15.40,14.75,14.15,13.75,13.45,14.60,16.45,18.70,20.65,22.40,23.80,24.45,25.70,26.35,26.60,26.55,25.50,24.50,22.90,21.80,20.20,18.80
2024-09-06,17.95,18.30,17.70,17.00,16.30,15.65,15.30,16.50,18.55,20.20,21.80,23.30,24.55,25.00,25.40,25.45,25.35,24.55,23.10,21.15,19.90,18.80,18.15,17.45
2024-09-07,16.70,15.50,14.50,13.55,12.50,11.85,11.30,13.10,15.80,18.40,20.40,22.20,23.75,24.70,25.55,26.00,26.05,25.35,24.30,23.00,22.20,21.15,19.70,18.70
2024-09-08,18.20,18.15,17.00,16.10,15.50,15.15,14.60,15.80,18.40,21.35,23.15,24.45,25.50,26.40,27.30,28.10,27.75,27.25,26.15,23.65,22.25,20.95,19.50,18.60
2024-09-09,17.75,17.05,16.05,14.80,14.00,13.60,13.15,14.45,17.00,20.10,22.70,24.65,26.15,27.70,28.70,29.30,29.30,28.85,27.75,25.60,24.60,23.45,21.35,20.30
2024-09-10,19.15,18.50,17.35,16.35,15.80,15.30,14.85,15.95,18.25,21.05,23.85,26.10,27.75,29.30,30.25,30.80,30.80,30.30,28.75,26.90,25.60,24.00,22.50,21.40
2024-09-11,19.95,19.85,18.55,17.65,16.80,16.20,15.50,16.55,18.90,21.65,24.05,25.90,27.20,28.50,29.20,30.10,30.40,29.30,26.80,25.05,23.55,22.40,21.35,20.45
2024-09-12,19.50,19.80,20.05,19.70,19.00,17.70,16.95,18.45,19.55,21.15,23.10,25.05,26.50,27.75,29.50,28.60,27.80,28.50,25.65,24.65,22.90,21.15,19.70,18.65
2024-09-13,17.85,17.45,16.20,14.95,14.15,13.65,13.10,13.25,14.35,15.85,17.80,19.55,21.10,22.25,23.10,23.50,23.20,22.40,20.95,19.05,17.70,16.50,15.35,14.20
2024-09-14,13.20,12.65,11.95,11.60,11.30,11.00,10.65,11.55,14.10,17.20,19.55,21.75,23.55,24.70,25.70,26.25,26.40,26.10,24.80,22.85,23.60,21.40,20.15,18.80
2024-09-15,17.60,17.00,16.35,15.60,14.85,14.20,13.55,14.60,17.15,20.20,23.10,25.55,27.20,28.95,30.10,30.65,30.50,30.00,28.85,26.15,24.95,23.25,21.30,19.35
2024-09-16,18.05,17.25,16.20,15.40,14.65,13.90,13.40,14.75,17.55,21.05,23.90,25.85,27.80,29.55,30.25,30.45,30.35,29.10,26.75,24.10,22.75,21.15,19.80,18.70
2024-09-17,17.90,17.05,15.95,15.10,14.50,14.15,13.85,14.50,16.15,18.55,21.30,23.50,25.10,26.15,27.15,27.55,27.30,26.70,25.55,23.75,22.85,20.40,19.10,18.05
2024-09-18,17.05,16.70,16.00,15.55,15.25,14.95,14.55,15.50,17.65,20.15,22.30,23.70,24.45,26.00,26.70,26.75,26.50,25.95,25.10,23.70,22.75,20.60,19.80,19.30
2024-09-19,18.45,17.00,16.60,16.10,15.50,15.35,15.15,15.80,17.45,18.65,20.35,22.05,22.80,23.15,24.00,19.60,18.60,18.15,17.75,16.90,16.65,15.90,15.10,15.05
2024-09-20,14.65,14.95,14.80,14.75,14.75,14.90,14.90,15.30,16.75,17.65,18.55,18.80,21.35,20.85,21.65,22.60,22.75,22.30,21.45,19.75,16.90,16.15,16.25,16.05
2024-09-21,15.80,16.10,15.85,16.00,16.15,16.20,15.65,16.45,17.35,18.15,18.90,19.20,20.20,21.90,23.00,22.85,22.80,22.15,20.50,19.05,18.00,17.10,16.50,16.00
2024-09-22,15.45,15.60,15.40,14.60,14.05,13.35,13.20,14.45,16.60,18.80,20.75,21.70,22.80,23.65,24.40,23.75,23.15,22.45,20.85,19.50,18.30,17.70,17.00,16.25
2024-09-23,15.70,15.75,14.75,14.10,13.20,12.65,12.15,12.95,15.65,17.80,19.85,21.70,22.95,23.60,24.15,24.05,23.35,23.05,20.80,19.05,18.55,17.85,16.85,15.55
2024-09-24,14.75,14.50,13.75,12.95,13.10,12.60,11.85,13.10,14.75,16.95,19.45,21.25,22.30,21.45,21.30,20.45,19.35,18.05,17.25,16.45,15.55,14.60,13.85,13.70
2024-09-25,13.40,16.25,15.40,15.05,15.65,15.45,14.20,14.80,16.70,17.25,18.00,19.45,19.65,20.30,20.80,22.30,22.40,22.00,21.00,20.35,20.00,19.55,19.30,19.10
2024-09-26,18.80,18.90,18.25,17.75,17.35,17.25,16.80,16.80,17.85,19.00,20.25,20.80,23.05,22.80,22.00,21.20,20.65,19.95,19.10,18.55,18.15,17.85,17.45,16.90
2024-09-27,16.10,15.25,14.50,13.75,13.10,12.80,12.60,13.10,14.70,16.10,17.55,19.00,20.60,22.30,20.95,21.55,19.90,18.50,16.90,15.90,15.10,14.25,12.85,12.30
2024-09-28,11.50,10.50,10.20,9.75,9.35,8.95,8.40,9.05,11.10,13.75,15.65,17.30,18.65,19.85,20.45,20.70,20.55,19.90,18.25,17.00,15.85,14.85,13.75,12.70
2024-09-29,11.85,10.90,10.05,9.35,8.90,8.55,8.30,9.20,12.50,15.15,17.25,19.35,21.40,23.00,24.00,24.40,24.40,23.85,22.10,20.65,19.30,17.80,16.95,16.00
2024-09-30,15.15,15.15,13.10,12.75,12.15,11.55,10.90,11.50,14.65,18.15,21.10,23.50,25.40,27.00,27.75,28.05,27.90,27.25,25.05,23.30,22.05,20.80,19.55,17.90
2024-10-01,17.00,16.30,16.85,16.25,16.05,15.35,14.25,13.05,14.90,17.10,20.25,20.55,24.70,26.70,27.65,28.20,28.20,27.35,24.80,23.25,22.00,21.20,20.85,20.65
2024-10-02,20.05,20.55,19.75,19.10,18.50,17.95,17.20,17.80,19.15,21.30,23.45,24.70,25.45,24.85,25.30,25.00,23.75,22.55,20.35,19.30,19.25,19.25,19.20,19.20
2024-10-03,19.20,18.60,17.90,16.40,15.75,16.10,15.75,15.75,17.10,18.45,20.30,22.15,23.50,24.40,24.60,24.50,24.10,22.95,21.30,19.70,18.35,17.40,16.60,15.75
2024-10-04,14.75,14.35,13.55,12.70,12.15,11.65,11.10,11.50,14.05,16.50,18.80,20.70,22.30,23.75,24.40,24.75,25.20,24.60,23.65,21.70,20.00,18.85,17.85,16.80
2024-10-05,15.70,15.20,13.90,13.05,12.60,12.35,11.90,12.05,14.40,17.25,20.30,22.95,24.75,26.00,26.15,26.60,25.65,24.25,23.15,22.30,21.40,20.70,20.15,19.50
2024-10-06,19.10,19.30,18.65,18.05,17.50,17.05,16.50,16.95,17.55,18.80,20.30,22.30,23.55,24.15,24.80,24.65,23.90,23.70,22.20,20.40,19.55,19.25,19.60,19.50
2024-10-07,18.90,17.90,17.30,16.80,16.40,15.95,15.75,15.90,17.60,19.70,21.90,22.35,23.30,20.10,17.15,15.60,15.20,15.40,15.25,14.80,14.20,13.80,13.40,13.10
2024-10-08,12.85,11.65,12.55,12.50,12.20,11.95,12.15,12.70,13.45,14.90,15.80,16.95,17.40,17.65,18.50,17.75,18.00,16.95,16.30,15.70,16.00,16.25,16.25,15.95
2024-10-09,15.55,15.50,15.05,14.90,14.70,14.45,14.20,14.40,15.30,15.50,16.20,17.65,20.20,18.35,18.50,18.45,18.45,18.35,17.65,16.40,16.40,15.55,14.50,13.45
2024-10-10,12.90,12.90,12.20,11.70,11.20,10.90,10.70,10.85,12.90,14.40,15.45,16.45,17.45,18.95,20.15,19.75,19.30,17.85,15.45,14.10,13.05,12.25,11.75,10.85
2024-10-11,11.65,10.10,9.10,8.60,8.30,7.85,7.35,7.45,9.95,11.75,13.80,16.00,17.30,18.70,19.20,19.15,17.95,17.55,17.20,16.10,15.50,14.55,14.65,14.60
2024-10-12,15.10,16.10,15.90,15.40,15.30,15.40,15.10,14.85,15.45,16.45,17.20,18.10,18.20,18.25,17.75,18.45,18.50,17.95,16.35,15.85,14.95,14.75,14.50,14.25
2024-10-13,14.10,12.40,12.75,12.85,12.50,12.35,12.45,12.65,13.40,15.50,17.50,19.90,20.65,19.55,20.40,21.25,21.50,20.35,18.40,17.55,17.30,16.70,16.25,15.85
2024-10-14,15.45,15.45,15.05,14.60,14.35,14.00,13.70,14.65,15.15,15.75,16.50,17.15,20.20,19.00,21.15,22.00,22.80,21.25,18.65,17.45,17.00,16.45,15.95,16.35
2024-10-15,15.95,16.85,16.45,15.85,16.75,16.30,16.15,16.10,17.10,18.00,18.15,20.35,17.15,19.10,17.70,17.70,16.30,15.85,15.35,15.50,15.65,15.55,15.45,15.45
2024-10-16,15.30,15.45,15.15,15.45,15.80,15.65,15.75,16.20,16.50,17.10,17.30,18.70,20.50,21.70,21.85,21.65,20.65,19.25,17.60,16.30,15.65,15.35,14.50,13.85
2024-10-17,13.85,13.25,12.70,12.25,12.15,11.60,10.80,10.65,11.60,12.05,12.30,13.30,15.50,16.00,17.00,16.70,16.55,15.40,13.85,13.10,12.15,11.35,11.05,10.95
2024-10-18,10.90,9.45,9.30,8.45,8.20,8.00,7.30,7.30,9.40,11.05,12.50,13.90,15.15,17.05,17.75,17.45,17.30,15.75,14.20,13.95,13.45,12.95,12.80,12.55
2024-10-19,11.95,12.75,12.10,12.05,12.35,12.40,12.25,11.65,12.70,14.60,16.45,18.20,19.85,19.95,20.45,20.95,20.10,18.10,16.60,15.65,15.50,14.65,14.00,13.10
2024-10-20,12.90,12.75,12.50,12.30,12.10,11.90,11.35,11.90,12.35,12.95,14.50,16.05,17.55,18.95,19.80,20.10,19.90,18.30,16.65,15.70,14.30,13.70,13.75,12.90
2024-10-21,11.90,12.05,11.70,11.65,11.05,10.60,10.00,10.30,12.00,13.85,15.90,17.90,19.35,20.95,21.70,21.80,21.35,19.75,18.45,15.95,15.10,14.65,13.90,13.45
2024-10-22,13.25,13.25,12.90,12.40,12.00,12.05,12.20,12.65,13.95,15.75,17.30,18.65,20.05,20.50,21.00,21.25,20.80,19.00,19.40,17.05,16.10,15.25,14.45,14.00
2024-10-23,13.15,13.05,12.60,12.40,12.05,11.70,11.50,11.45,12.80,14.70,16.50,17.80,18.40,19.50,19.70,19.85,19.70,19.35,17.05,15.90,14.95,14.25,13.60,13.30
2024-10-24,12.85,13.60,13.90,13.40,13.20,13.35,12.80,12.80,13.60,14.40,15.55,16.60,17.20,18.55,19.65,20.25,20.00,18.25,16.45,15.90,14.80,16.65,14.90,15.20
2024-10-25,14.50,13.75,13.60,13.55,13.80,13.75,13.65,13.70,14.25,15.00,15.55,15.55,14.80,16.95,16.95,16.65,16.00,14.15,12.60,12.30,11.70,10.90,10.20,9.50
2024-10-26,9.50,9.85,9.30,8.55,7.35,6.90,6.50,6.50,7.90,9.75,10.75,11.40,12.20,12.65,12.70,11.70,10.00,8.45,7.70,7.45,7.45,7.35,7.25,7.10
2024-10-27,6.75,7.05,5.45,6.15,4.60,3.60,3.90,3.35,6.30,8.10,9.95,11.55,12.25,12.65,12.95,13.10,13.20,12.00,10.60,9.65,8.70,8.40,7.90,8.10
2024-10-28,8.45,9.25,9.40,9.60,9.75,9.95,9.35,9.05,10.50,12.75,14.40,16.35,17.10,17.65,18.30,18.70,18.05,16.20,14.85,14.05,13.40,12.70,12.30,12.30
2024-10-29,12.60,12.80,12.55,12.30,12.25,12.50,12.65,12.60,13.75,14.80,15.70,16.15,16.55,15.95,16.65,16.90,16.85,15.15,15.25,14.95,14.35,14.40,14.30,14.70
2024-10-30,13.15,11.20,11.00,11.00,10.85,11.00,11.15,11.15,12.60,15.40,17.40,18.20,18.70,18.90,17.75,18.30,18.30,17.85,15.25,14.85,13.30,12.25,12.50,12.45
2024-10-31,11.80,12.25,11.95,12.00,11.65,11.35,11.80,11.55,11.95,13.80,15.60,17.05,18.15,18.95,19.60,19.60,17.95,16.20,14.00,12.70,13.55,13.85,13.15,12.10
2024-11-01,12.05,12.95,12.45,12.50,11.85,12.10,12.40,12.35,12.85,13.90,14.40,15.35,16.70,18.45,19.00,19.15,18.70,16.55,14.95,14.30,13.80,13.00,12.10,11.50
2024-11-02,10.85,13.35,12.90,12.05,11.65,11.60,11.45,11.30,12.25,13.55,14.75,16.00,16.95,15.90,16.55,16.25,15.35,14.25,13.15,12.45,12.05,11.70,11.35,10.85
2024-11-03,10.35,10.65,10.50,10.45,10.40,10.15,10.00,9.85,10.95,12.20,13.35,14.50,15.35,17.85,18.60,18.55,18.15,17.55,16.00,13.40,12.40,11.25,10.85,10.35
2024-11-04,9.95,10.80,10.50,10.40,10.15,10.50,10.05,10.10,11.40,13.40,15.00,15.85,16.40,16.40,17.35,17.60,17.05,15.80,15.10,13.30,13.15,13.45,13.35,12.20
2024-11-05,11.00,11.55,10.90,10.15,9.95,9.40,9.10,9.20,10.80,13.10,14.95,16.55,17.80,17.95,18.10,18.05,18.20,17.40,14.80,12.80,12.30,11.55,11.20,10.80
2024-11-06,10.70,11.35,10.95,10.50,10.15,9.85,9.60,9.45,10.85,13.05,15.35,17.25,18.50,18.95,19.35,19.30,18.80,17.05,16.00,14.15,13.95,12.65,11.25,10.30
2024-11-07,10.35,10.45,9.90,9.55,9.20,8.80,8.45,8.10,9.45,11.95,13.95,15.80,16.85,18.20,18.50,18.70,18.30,15.25,14.00,13.30,12.40,11.75,10.85,10.60
2024-11-08,10.35,10.10,10.65,9.55,8.95,8.65,8.55,8.20,9.25,11.65,12.65,13.60,14.60,15.10,15.85,16.15,16.00,13.90,13.55,11.50,11.10,10.35,9.75,9.30
2024-11-09,8.60,9.10,8.70,8.90,9.30,9.60,9.65,9.80,10.00,10.45,12.15,12.85,13.75,15.85,16.70,17.10,17.05,14.65,14.20,11.55,10.75,10.10,8.70,8.00
2024-11-10,7.55,7.85,8.80,7.35,7.85,7.60,7.70,7.65,8.70,10.50,12.35,14.05,15.15,17.00,16.80,16.90,16.50,14.90,14.35,13.85,12.65,10.40,9.80,9.45
2024-11-11,9.15,9.35,8.80,8.65,8.35,8.10,8.55,9.05,10.55,13.60,15.10,16.20,17.20,17.55,17.55,17.30,16.20,13.60,12.10,11.45,10.95,10.25,9.35,8.40
2024-11-12,7.75,8.30,8.15,7.85,7.20,6.30,5.40,4.65,5.25,8.15,10.50,12.35,14.00,14.30,14.85,14.25,12.50,11.15,9.55,8.75,7.85,6.90,6.00,5.60
2024-11-13,5.35,5.40,5.05,4.70,4.45,4.10,3.95,4.00,4.60,6.00,7.40,8.70,9.55,6.60,6.60,7.05,7.70,7.95,8.40,8.30,8.45,8.45,8.15,8.00
2024-11-14,8.00,9.25,8.70,8.30,8.70,8.40,8.40,8.70,9.10,10.05,12.05,14.15,15.20,15.30,16.85,17.00,15.25,13.30,12.35,12.40,11.85,11.80,11.80,11.75
2024-11-15,11.60,11.45,11.10,11.15,10.70,10.35,9.85,10.05,10.30,11.30,12.55,14.35,16.00,15.90,16.40,16.55,15.80,14.95,14.00,12.80,11.90,11.55,11.05,10.55
2024-11-16,10.20,10.20,9.60,9.10,8.75,8.70,8.40,8.30,8.55,9.55,11.70,13.35,14.60,14.65,14.65,14.50,14.15,12.60,11.70,11.40,11.05,10.50,9.95,9.55
2024-11-17,9.25,8.65,7.80,7.40,7.25,6.60,6.70,6.70,7.80,9.65,11.80,13.95,15.55,16.45,17.25,17.40,16.25,14.30,13.25,12.20,11.55,10.95,10.85,10.10
2024-11-18,9.90,10.90,10.30,9.95,9.15,8.90,8.25,8.30,8.80,10.70,12.95,14.80,16.10,17.60,18.05,18.00,17.10,14.95,13.65,12.90,12.40,11.70,10.95,10.45
2024-11-19,9.70,9.10,9.05,8.35,7.65,7.25,7.20,7.00,7.90,9.20,10.55,12.60,14.70,15.15,16.05,15.75,15.00,13.65,12.75,12.00,11.45,11.10,10.85,10.50
2024-11-20,10.25,10.25,10.25,10.15,9.80,9.50,9.15,8.70,8.80,10.10,11.70,13.25,14.55,16.25,16.55,15.40,14.55,13.45,12.60,11.55,10.85,10.20,9.60,9.25
2024-11-21,9.30,9.30,9.00,8.40,8.00,7.80,7.75,7.85,8.05,9.00,10.60,11.70,12.55,12.80,13.05,12.95,12.35,11.40,11.05,10.70,10.40,10.20,9.95,9.85
2024-11-22,9.90,10.40,10.50,10.65,10.75,10.90,10.85,10.60,10.95,10.90,11.90,12.55,13.40,14.95,15.20,14.85,14.00,11.85,10.80,9.80,8.85,8.10,7.90,7.70
2024-11-23,7.45,7.60,7.65,7.35,7.65,7.90,8.10,8.25,8.50,9.35,11.05,13.35,14.45,15.60,15.75,15.90,15.40,13.65,12.70,11.85,11.45,10.50,9.80,9.35
2024-11-24,8.80,9.00,8.35,8.15,8.45,8.10,7.95,7.80,8.25,9.75,11.20,12.65,13.70,15.70,16.35,15.90,15.20,14.45,14.50,14.10,14.55,15.10,15.45,15.60
2024-11-25,15.45,14.65,14.75,15.40,15.40,15.45,15.50,15.45,15.20,15.80,16.55,15.50,13.50,13.90,14.25,13.65,12.65,12.00,11.95,10.90,10.15,9.45,8.60,7.65
2024-11-26,6.75,5.95,5.45,5.15,5.15,5.15,4.95,4.45,5.00,6.00,7.25,8.60,9.15,10.00,10.60,10.60,10.35,9.40,9.30,8.70,7.95,6.90,6.35,6.15
2024-11-27,5.60,4.80,4.50,4.15,3.80,3.55,3.30,3.10,3.30,4.95,7.15,9.15,10.70,11.60,12.00,12.00,11.25,9.30,8.80,8.20,7.35,6.45,6.25,5.85
2024-11-28,5.50,4.75,4.35,4.00,3.55,3.20,2.75,2.35,2.65,4.55,7.10,9.40,11.00,12.10,12.70,12.75,12.00,10.05,9.15,8.40,7.60,6.80,6.80,6.35
2024-11-29,5.75,5.40,5.10,4.60,4.40,4.35,3.95,3.90,4.50,6.35,7.60,10.30,12.25,13.85,14.65,14.75,13.75,12.25,11.35,10.65,9.90,9.00,8.90,8.10
2024-11-30,7.55,6.80,6.35,5.65,5.50,5.45,5.45,5.40,5.80,7.65,9.80,12.10,13.75,14.65,15.30,15.45,14.35,12.50,12.15,11.10,10.20,9.35,8.75,8.45
2024-12-01,8.05,7.50,6.65,6.30,6.10,5.85,5.60,5.45,5.80,7.70,9.90,11.35,11.80,11.55,13.15,13.55,12.95,11.50,10.60,10.10,10.65,10.10,9.15,8.80
2024-12-02,9.10,10.25,9.70,9.95,9.10,8.55,7.85,7.40,7.50,9.10,11.05,11.55,12.65,14.05,14.35,14.75,13.95,12.05,11.70,11.30,10.60,9.35,8.45,8.05
2024-12-03,8.10,8.30,7.45,6.80,6.60,6.30,5.80,5.35,5.95,7.65,9.40,11.10,12.65,14.20,14.55,14.20,13.40,12.25,11.75,11.65,11.15,10.85,10.50,10.25
2024-12-04,9.60,9.65,9.30,9.20,9.60,10.40,10.40,9.75,9.70,10.45,11.50,12.20,12.80,14.10,14.05,13.85,12.80,10.90,10.20,9.30,8.65,7.90,7.20,6.70
2024-12-05,5.90,5.90,6.05,5.75,5.55,5.70,5.05,4.60,4.80,6.65,8.55,10.35,11.60,13.15,13.75,13.95,13.15,11.60,10.85,9.95,8.95,8.45,7.85,7.20
2024-12-06,6.90,7.40,7.15,6.90,6.25,5.70,5.60,5.35,6.15,7.95,9.85,11.45,13.15,14.20,14.95,15.10,14.10,12.00,11.10,10.60,9.95,9.70,9.25,8.45
2024-12-07,7.80,7.65,7.30,6.50,6.65,6.40,6.30,6.40,7.50,9.05,10.45,12.55,13.85,15.50,15.45,15.05,13.70,11.80,10.35,9.35,8.65,8.05,7.60,7.30
2024-12-08,6.80,7.40,5.80,5.05,4.70,4.45,4.30,4.10,5.30,6.70,7.85,8.15,9.20,10.05,9.95,10.05,9.20,7.90,6.90,6.10,5.30,4.85,4.55,4.70
2024-12-09,4.65,4.15,3.80,3.55,3.20,3.00,2.90,3.10,3.30,4.25,5.65,6.25,7.15,7.70,7.95,8.05,7.75,6.10,5.15,5.45,5.20,5.05,4.65,4.30
2024-12-10,3.20,3.00,2.75,2.30,1.50,1.40,0.95,0.80,1.70,3.35,5.30,6.25,6.65,8.70,9.00,8.90,8.35,7.35,6.20,5.70,5.75,5.60,5.50,5.30
2024-12-11,5.10,5.15,5.05,4.85,4.60,4.30,4.15,4.00,3.95,4.30,4.95,5.65,6.25,7.35,7.50,7.55,7.25,6.50,6.10,5.40,4.80,4.30,4.05,3.40
2024-12-12,2.95,3.15,2.75,2.25,1.90,1.50,1.30,1.10,1.50,2.65,4.75,6.60,7.75,9.05,9.20,9.40,8.85,6.85,6.35,6.05,5.50,5.00,4.35,3.50
2024-12-13,3.60,4.00,3.30,3.40,3.40,2.80,2.75,3.20,3.80,4.20,4.40,4.85,5.15,8.55,9.15,9.10,8.60,6.85,6.15,5.30,4.35,3.75,3.25,3.15
2024-12-14,2.80,2.50,1.90,1.35,1.00,0.60,0.35,0.15,0.65,1.70,3.70,5.55,6.70,6.75,7.75,8.10,7.45,5.75,5.05,4.30,3.30,2.45,1.65,1.60
2024-12-15,0.95,0.55,-0.35,-0.75,-1.05,-1.30,-1.45,-1.50,-1.10,1.10,3.70,6.25,8.35,8.95,9.65,9.90,8.80,6.55,5.20,4.05,3.65,3.15,2.50,2.55
2024-12-16,2.35,1.95,1.30,0.95,0.85,0.25,-0.15,-0.50,-0.35,1.35,3.65,6.15,8.15,9.00,9.50,9.45,8.40,6.55,5.60,4.75,3.75,2.85,2.30,1.80
2024-12-17,1.30,1.50,0.65,0.40,0.10,-0.25,-0.40,-0.40,-0.30,1.45,3.60,5.55,6.95,7.75,8.15,8.20,7.65,5.50,4.65,3.70,3.20,2.80,2.30,1.55
2024-12-18,1.20,2.65,1.70,1.55,1.05,0.90,0.95,0.55,0.75,2.70,5.60,7.90,9.55,9.70,10.50,11.00,10.00,8.35,7.25,7.05,7.05,7.05,7.40,7.85
2024-12-19,8.40,7.25,7.30,7.00,7.20,7.30,8.10,8.05,7.90,8.25,9.40,10.30,11.90,12.80,13.05,13.20,12.00,11.25,9.95,8.30,8.80,8.20,7.75,6.85
2024-12-20,5.90,5.25,4.35,3.45,2.40,1.80,1.55,1.45,1.10,2.55,5.15,6.55,7.65,9.45,10.00,10.10,9.30,7.60,6.60,6.05,4.85,3.75,2.95,2.30
2024-12-21,1.55,1.30,0.65,0.30,-0.10,-0.45,-0.85,-1.10,-1.10,0.70,3.50,5.70,7.60,8.80,9.75,10.10,9.30,7.25,5.55,4.75,3.85,3.25,2.60,1.80
2024-12-22,1.10,1.15,0.75,0.70,-0.05,-0.60,-0.85,-1.10,-0.95,1.25,4.50,6.80,8.45,10.40,11.70,12.00,10.75,8.30,7.85,7.10,6.15,5.95,6.00,6.90
2024-12-23,4.95,5.40,5.25,5.80,5.25,4.20,4.20,4.25,5.05,6.55,7.65,8.65,9.30,10.65,10.30,10.00,9.00,8.05,7.60,6.95,6.25,5.40,4.60,4.05
2024-12-24,3.65,4.15,3.50,3.20,2.90,2.60,2.05,1.40,1.45,3.45,6.15,8.85,10.75,12.30,13.30,13.45,12.50,11.60,11.20,10.85,10.15,9.30,8.40,7.85
2024-12-25,7.30,7.85,7.30,6.75,6.40,6.05,5.85,5.55,5.40,6.45,8.15,10.25,12.10,13.80,14.75,14.95,14.05,12.05,10.70,9.20,8.10,7.30,7.20,7.50
2024-12-26,7.25,6.20,5.25,4.20,3.40,2.80,2.50,2.35,2.25,4.25,6.55,8.90,10.80,12.05,12.80,12.95,12.15,10.55,9.25,7.70,6.60,5.60,5.00,4.75
2024-12-27,4.70,4.40,4.35,3.60,3.00,2.55,2.20,2.15,2.10,3.70,5.45,7.15,9.20,9.65,10.50,10.85,10.35,8.65,8.15,7.55,6.45,5.60,4.95,4.15
2024-12-28,3.35,3.00,2.45,2.00,1.65,1.25,0.75,0.20,0.15,1.35,2.95,4.50,6.40,8.45,9.45,9.80,9.25,7.20,6.45,5.60,5.10,4.50,4.00,3.65
2024-12-29,3.10,2.30,1.85,1.35,0.90,0.55,0.25,0.00,-0.30,1.45,3.60,6.00,8.15,8.60,9.30,9.35,8.55,6.45,5.65,4.85,3.95,3.15,2.45,1.80
2024-12-30,1.25,1.40,0.90,0.35,-0.10,-0.25,-0.30,-0.45,-0.40,1.05,3.05,5.20,6.95,8.10,8.65,8.70,8.10,6.35,5.75,4.65,3.05,2.50,2.15,1.80
2024-12-31,1.30,1.35,0.90,0.55,0.30,0.05,0.00,-0.05,-0.05,1.30,3.15,5.40,7.50,8.10,8.75,8.55,7.30,4.75,4.50,3.45,2.15,1.55,1.35,0.85
